-- MySQL dump 10.13  Distrib 8.0.18, for Win64 (x86_64)
--
-- Host: localhost    Database: bitskins_csgo
-- ------------------------------------------------------
-- Server version	8.0.18

/*!40101 SET @OLD_CHARACTER_SET_CLIENT=@@CHARACTER_SET_CLIENT */;
/*!40101 SET @OLD_CHARACTER_SET_RESULTS=@@CHARACTER_SET_RESULTS */;
/*!40101 SET @OLD_COLLATION_CONNECTION=@@COLLATION_CONNECTION */;
/*!50503 SET NAMES utf8mb4 */;
/*!40103 SET @OLD_TIME_ZONE=@@TIME_ZONE */;
/*!40103 SET TIME_ZONE='+00:00' */;
/*!40014 SET @OLD_UNIQUE_CHECKS=@@UNIQUE_CHECKS, UNIQUE_CHECKS=0 */;
/*!40014 SET @OLD_FOREIGN_KEY_CHECKS=@@FOREIGN_KEY_CHECKS, FOREIGN_KEY_CHECKS=0 */;
/*!40101 SET @OLD_SQL_MODE=@@SQL_MODE, SQL_MODE='NO_AUTO_VALUE_ON_ZERO' */;
/*!40111 SET @OLD_SQL_NOTES=@@SQL_NOTES, SQL_NOTES=0 */;

--
-- Table structure for table `business_query`
--

DROP TABLE IF EXISTS `business_query`;
/*!40101 SET @saved_cs_client     = @@character_set_client */;
/*!50503 SET character_set_client = utf8mb4 */;
CREATE TABLE `business_query` (
  `id` int(11) NOT NULL AUTO_INCREMENT,
  `name` varchar(255) DEFAULT NULL,
  `query` varchar(255) DEFAULT NULL,
  PRIMARY KEY (`id`)
) ENGINE=InnoDB DEFAULT CHARSET=utf8;
/*!40101 SET character_set_client = @saved_cs_client */;

--
-- Dumping data for table `business_query`
--

LOCK TABLES `business_query` WRITE;
/*!40000 ALTER TABLE `business_query` DISABLE KEYS */;
/*!40000 ALTER TABLE `business_query` ENABLE KEYS */;
UNLOCK TABLES;

--
-- Table structure for table `dumb_item`
--

DROP TABLE IF EXISTS `dumb_item`;
/*!40101 SET @saved_cs_client     = @@character_set_client */;
/*!50503 SET character_set_client = utf8mb4 */;
CREATE TABLE `dumb_item` (
  `id` int(11) NOT NULL AUTO_INCREMENT,
  `name` varchar(45) DEFAULT NULL,
  `item_type` int(11) DEFAULT NULL,
  PRIMARY KEY (`id`),
  KEY `fk_item_type_idx` (`item_type`),
  CONSTRAINT `fk_dumb_item_to_item_type` FOREIGN KEY (`item_type`) REFERENCES `item_type` (`id`)
) ENGINE=InnoDB AUTO_INCREMENT=260 DEFAULT CHARSET=utf8;
/*!40101 SET character_set_client = @saved_cs_client */;

--
-- Dumping data for table `dumb_item`
--

LOCK TABLES `dumb_item` WRITE;
/*!40000 ALTER TABLE `dumb_item` DISABLE KEYS */;
INSERT INTO `dumb_item` VALUES (1,'Operation Hydra Case Key',NULL),(2,'Sealed Graffiti | Avangar | Boston 2018',NULL),(3,'Name Tag',NULL),(4,'Guardian 3 Pin',NULL),(5,'Canals Pin',NULL),(6,'Sealed Graffiti | HellRaisers | London 2018',NULL),(7,'Sealed Graffiti | Rogue | London 2018',NULL),(8,'Katowice 2019 Viewer Pass',NULL),(9,'Operation Breakout Case Key',NULL),(10,'Guardian Elite Pin',NULL),(11,'Sustenance! Pin',NULL),(12,'Berlin 2019 Viewer Pass',NULL),(13,'Patch | Welcome to the Clutch',NULL),(14,'Sealed Graffiti | Dead Now (Desert Amber)',NULL),(15,'eSports Key',NULL),(16,'Horizon Case Key',NULL),(17,'Sealed Graffiti | Sheriff (Jungle Green)',NULL),(18,'Sealed Graffiti | King Me (Tracer Yellow)',NULL),(19,'Cobblestone Pin',NULL),(20,'Cache Pin',NULL),(21,'Sealed Graffiti | Heart (Bazooka Pink)',NULL),(22,'Sealed Graffiti | Heart (Princess Pink)',NULL),(23,'Welcome to the Clutch Pin',NULL),(24,'Hydra Pin',NULL),(25,'Sealed Graffiti | Smarmy (Tracer Yellow)',NULL),(26,'Easy Peasy Pin',NULL),(27,'Headcrab Glyph Pin',NULL),(28,'Brigadier General Pin',NULL),(29,'Sealed Graffiti | Chef Kiss (Bazooka Pink)',NULL),(30,'Death Sentence Pin',NULL),(31,'Bravo Pin',NULL),(32,'Sealed Graffiti | Sorry (Blood Red)',NULL),(33,'Nuke Pin',NULL),(34,'Spectrum 2 Case Key',NULL),(35,'Patch | Wildfire',NULL),(36,'Patch | Hydra',NULL),(37,'StatTrak™ Swap Tool',NULL),(38,'Inferno 2 Pin',NULL),(39,'Patch | The Boss',NULL),(40,'Sealed Graffiti | Sheriff (Battle Green)',NULL),(41,'Sealed Graffiti | North | London 2018',NULL),(42,'Sealed Graffiti | Smarmy (Blood Red)',NULL),(43,'Mirage Pin',NULL),(44,'Dust II Pin',NULL),(45,'Overpass Pin',NULL),(46,'Inferno Pin',NULL),(47,'Train Pin',NULL),(48,'Sealed Graffiti | Phoenix',NULL),(49,'Guardian 2 Pin',NULL),(50,'Prisma Case Key',NULL),(51,'Sealed Graffiti | Silver Bullet (Battle Green',NULL),(52,'Sealed Graffiti | Goofy (Tracer Yellow)',NULL),(53,'Sealed Graffiti | NT (Brick Red)',NULL),(54,'Sealed Graffiti | Little Bock (Blood Red)',NULL),(55,'Sealed Graffiti | Dizzy (Cash Green)',NULL),(56,'Sealed Graffiti | BEEP (Brick Red)',NULL),(57,'Sealed Graffiti | Goofy (Desert Amber)',NULL),(58,'Sealed Graffiti | Little EZ (Dust Brown)',NULL),(59,'Sealed Graffiti | Little Crown (War Pig Pink)',NULL),(60,'Sealed Graffiti | Dizzy (Tracer Yellow)',NULL),(61,'Sealed Graffiti | Silver Bullet (Cash Green)',NULL),(62,'Sealed Graffiti | Hop (Tracer Yellow)',NULL),(63,'Sealed Graffiti | Hop (War Pig Pink)',NULL),(64,'Sealed Graffiti | Hop (Monster Purple)',NULL),(65,'Tactics Pin',NULL),(66,'Sealed Graffiti | Applause (Bazooka Pink)',NULL),(67,'Sealed Graffiti | Puke (Violent Violet)',NULL),(68,'Sealed Graffiti | Applause (Princess Pink)',NULL),(69,'Guardian Pin',NULL),(70,'CS:GO Capsule Key',NULL),(71,'Chroma 2 Case Key',NULL),(72,'Sealed Graffiti | Tombstone (Blood Red)',NULL),(73,'Sealed Graffiti | Hop (SWAT Blue)',NULL),(74,'Sealed Graffiti | Puke (Bazooka Pink)',NULL),(75,'Sealed Graffiti | Heart (War Pig Pink)',NULL),(76,'Sealed Graffiti | 200 IQ (Cash Green)',NULL),(77,'Sealed Graffiti | Heart (Blood Red)',NULL),(78,'Sealed Graffiti | Dizzy (Shark White)',NULL),(79,'Sealed Graffiti | Fart (Monster Purple)',NULL),(80,'Sealed Graffiti | Broken Heart (Bazooka Pink)',NULL),(81,'Sealed Graffiti | Thoughtfull (Violent Violet',NULL),(82,'Sealed Graffiti | Heart (Brick Red)',NULL),(83,'Sealed Graffiti | Applause (Tracer Yellow)',NULL),(84,'Sealed Graffiti | Oops (SWAT Blue)',NULL),(85,'Sealed Graffiti | Denied (Bazooka Pink)',NULL),(86,'Operation Shattered Web Premium Pass',NULL),(87,'Sealed Graffiti | Banana',NULL),(88,'Chroma 3 Case Key',NULL),(89,'Sealed Graffiti | Flickshot',NULL),(90,'Sealed Graffiti | Dizzy (Desert Amber)',NULL),(91,'Sealed Graffiti | Smooch (Dust Brown)',NULL),(92,'Sealed Graffiti | Heart (Monster Purple)',NULL),(93,'Sealed Graffiti | Applause (Jungle Green)',NULL),(94,'Operation Phoenix Pass',NULL),(95,'Aces High Pin',NULL),(96,'Sealed Graffiti | Rly (Battle Green)',NULL),(97,'Gamma Case Key',NULL),(98,'Clutch Case Key',NULL),(99,'Gamma 2 Case Key',NULL),(100,'Falchion Case Key',NULL),(101,'Sealed Graffiti | compLexity Gaming | London ',NULL),(102,'Sealed Graffiti | Skull n\' Crosshairs',NULL),(103,'Sealed Graffiti | Choke (Dust Brown)',NULL),(104,'Sealed Graffiti | Lightbulb (Shark White)',NULL),(105,'Sealed Graffiti | Smooch (Wire Blue)',NULL),(106,'Sealed Graffiti | Chef Kiss (Dust Brown)',NULL),(107,'Sealed Graffiti | Little Crown (Cash Green)',NULL),(108,'Sealed Graffiti | Shining Star (Wire Blue)',NULL),(109,'Sealed Graffiti | Question Mark (Frog Green)',NULL),(110,'Sealed Graffiti | BEEP (Wire Blue)',NULL),(111,'Sealed Graffiti | Question Mark (Desert Amber',NULL),(112,'Patch | Payback',NULL),(113,'Patch | Vigilance',NULL),(114,'Sealed Graffiti | Silver Bullet (Monarch Blue',NULL),(115,'Sealed Graffiti | Oops (Battle Green)',NULL),(116,'Sealed Graffiti | Goofy (Jungle Green)',NULL),(117,'Sealed Graffiti | Chef Kiss (Tiger Orange)',NULL),(118,'Patch | Howl',NULL),(119,'Glove Case Key',NULL),(120,'Sealed Graffiti | FaZe Clan | London 2018',NULL),(121,'Combine Helmet Pin',NULL),(122,'Sealed Graffiti | 200 IQ (Bazooka Pink)',NULL),(123,'Sealed Graffiti | Little Crown (Tracer Yellow',NULL),(124,'Phoenix Pin',NULL),(125,'Sealed Graffiti | Dead Now (Frog Green)',NULL),(126,'Sealed Graffiti | BEEP (Monarch Blue)',NULL),(127,'Sealed Graffiti | Broken Heart (Shark White)',NULL),(128,'Sealed Graffiti | 1G (Blood Red)',NULL),(129,'Sealed Graffiti | Hop (Desert Amber)',NULL),(130,'Sealed Graffiti | 200 IQ (Tracer Yellow)',NULL),(131,'Sealed Graffiti | Choke (Bazooka Pink)',NULL),(132,'Militia Pin',NULL),(133,'Sealed Graffiti | Fnatic | London 2018',NULL),(134,'Sealed Graffiti | Shooting Star Return',NULL),(135,'Sealed Graffiti | Guardian',NULL),(136,'Huntsman Case Key',NULL),(137,'Revolver Case Key',NULL),(138,'Sealed Graffiti | Kawaii Killer Terrorist',NULL),(139,'Sealed Graffiti | Rising Skull',NULL),(140,'Sealed Graffiti | Chabo',NULL),(141,'Sealed Graffiti | Winged Defuser',NULL),(142,'Sealed Graffiti | Hamster Hawk',NULL),(143,'Sealed Graffiti | Old School',NULL),(144,'Sealed Graffiti | Kiss (Wire Blue)',NULL),(145,'Sealed Graffiti | BOOM (Blood Red)',NULL),(146,'Operation Phoenix Case Key',NULL),(147,'Sealed Graffiti | Unicorn',NULL),(148,'Sealed Graffiti | Thoughtfull (Bazooka Pink)',NULL),(149,'Sealed Graffiti | Okay (Blood Red)',NULL),(150,'Copper Lambda Pin',NULL),(151,'Chroma Case Key',NULL),(152,'Operation Hydra Access Pass',NULL),(153,'Lambda Pin',NULL),(154,'Sealed Graffiti | OpTic Gaming | London 2018',NULL),(155,'Patch | Crazy Banana',NULL),(156,'Health Pin',NULL),(157,'Sealed Graffiti | Lightbulb (Tracer Yellow)',NULL),(158,'Sealed Graffiti | Okay (Wire Blue)',NULL),(159,'Sealed Graffiti | Puke (Desert Amber)',NULL),(160,'Sealed Graffiti | Smirk (Princess Pink)',NULL),(161,'Sealed Graffiti | Uh Oh (Tracer Yellow)',NULL),(162,'Sealed Graffiti | Dead Now (Violent Violet)',NULL),(163,'Sealed Graffiti | Little Bock (Dust Brown)',NULL),(164,'Sealed Graffiti | Rly (SWAT Blue)',NULL),(165,'Sealed Graffiti | Rly (Tracer Yellow)',NULL),(166,'Sealed Graffiti | Oops (Shark White)',NULL),(167,'Sealed Graffiti | Little Bock (Shark White)',NULL),(168,'Sealed Graffiti | 200 IQ (Dust Brown)',NULL),(169,'Sealed Graffiti | 1G (Tracer Yellow)',NULL),(170,'Sealed Graffiti | Dead Now (SWAT Blue)',NULL),(171,'Sealed Graffiti | Chef Kiss (Princess Pink)',NULL),(172,'Sealed Graffiti | Chef Kiss (Jungle Green)',NULL),(173,'Sealed Graffiti | Oops (Princess Pink)',NULL),(174,'Sealed Graffiti | Chef Kiss (War Pig Pink)',NULL),(175,'Sealed Graffiti | Smirk (War Pig Pink)',NULL),(176,'Sealed Graffiti | Choke (Tiger Orange)',NULL),(177,'Sealed Graffiti | Little EZ (Princess Pink)',NULL),(178,'Sealed Graffiti | Shining Star (Violent Viole',NULL),(179,'Sealed Graffiti | Choke (Violent Violet)',NULL),(180,'Sealed Graffiti | Smirk (Frog Green)',NULL),(181,'Sealed Graffiti | Uh Oh (Blood Red)',NULL),(182,'Sealed Graffiti | Hop (Princess Pink)',NULL),(183,'Sealed Graffiti | Denied (Battle Green)',NULL),(184,'Sealed Graffiti | Little Bock (Jungle Green)',NULL),(185,'Sealed Graffiti | OMG (Princess Pink)',NULL),(186,'Danger Zone Case Key',NULL),(187,'Sealed Graffiti | Cerberus',NULL),(188,'Sealed Graffiti | Nice Shot',NULL),(189,'Sealed Graffiti | Dizzy (Princess Pink)',NULL),(190,'Sealed Graffiti | Little Bock (SWAT Blue)',NULL),(191,'Sealed Graffiti | Renegades | London 2018',NULL),(192,'Sealed Graffiti | Ninjas in Pyjamas | London ',NULL),(193,'Sealed Graffiti | Virtus.Pro | London 2018',NULL),(194,'Sealed Graffiti | Team Liquid | London 2018',NULL),(195,'Sealed Graffiti | Vega Squadron | London 2018',NULL),(196,'Sealed Graffiti | Winstrike Team | London 201',NULL),(197,'Sealed Graffiti | mousesports | London 2018',NULL),(198,'Shadow Case Key',NULL),(199,'Sealed Graffiti | BOOM (Wire Blue)',NULL),(200,'Sealed Graffiti | Choke (War Pig Pink)',NULL),(201,'Sealed Graffiti | OMG (Violent Violet)',NULL),(202,'Sealed Graffiti | Denied (Cash Green)',NULL),(203,'Sealed Graffiti | Thoughtfull (Cash Green)',NULL),(204,'Sealed Graffiti | Bock Bock (Battle Green)',NULL),(205,'Sealed Graffiti | Fart (Cash Green)',NULL),(206,'Sealed Graffiti | Heart (Tracer Yellow)',NULL),(207,'Sealed Graffiti | 200 IQ (Battle Green)',NULL),(208,'Sealed Graffiti | Hop (Bazooka Pink)',NULL),(209,'Sealed Graffiti | Ace',NULL),(210,'Sealed Graffiti | Cloud9 | Krakow 2017',NULL),(211,'Sealed Graffiti | Natus Vincere | London 2018',NULL),(212,'Sealed Graffiti | Little Bock (Frog Green)',NULL),(213,'Sealed Graffiti | Thoughtfull (Wire Blue)',NULL),(214,'Sealed Graffiti | Denied (Monster Purple)',NULL),(215,'Sealed Graffiti | OMG (Brick Red)',NULL),(216,'Patch | Phoenix',NULL),(217,'Sealed Graffiti | Shining Star (Violent Viole',NULL),(218,'CS:GO Case Key',NULL),(219,'City 17 Pin',NULL),(220,'Civil Protection Pin',NULL),(221,'Sealed Graffiti | Natus Vincere | Atlanta 201',NULL),(222,'Sealed Graffiti | Silver Bullet (Wire Blue)',NULL),(223,'Sealed Graffiti | NT (Desert Amber)',NULL),(224,'Sealed Graffiti | Hop (Brick Red)',NULL),(225,'Sealed Graffiti | Puke (Dust Brown)',NULL),(226,'Sealed Graffiti | Little Crown (Wire Blue)',NULL),(227,'Sealed Graffiti | Uh Oh (Bazooka Pink)',NULL),(228,'Sealed Graffiti | Kiss (Violent Violet)',NULL),(229,'Sealed Graffiti | 1G (Violent Violet)',NULL),(230,'Sealed Graffiti | Happy Cat (Frog Green)',NULL),(231,'Sealed Graffiti | Choke (Blood Red)',NULL),(232,'Sealed Graffiti | BEEP (SWAT Blue)',NULL),(233,'Sealed Graffiti | Rly (Bazooka Pink)',NULL),(234,'Sealed Graffiti | OMG (Jungle Green)',NULL),(235,'Sealed Graffiti | Little EZ (Monarch Blue)',NULL),(236,'Sealed Graffiti | BOOM (Tiger Orange)',NULL),(237,'Sealed Graffiti | Uh Oh (Monarch Blue)',NULL),(238,'Sealed Graffiti | Broken Heart (Tiger Orange)',NULL),(239,'Valeria Phoenix Pin',NULL),(240,'Office Pin',NULL),(241,'Bloodhound Pin',NULL),(242,'Chroma Pin',NULL),(243,'Victory Pin',NULL),(244,'Italy Pin',NULL),(245,'Operation Wildfire Access Pass',NULL),(246,'Vortigaunt Pin',NULL),(247,'Sealed Graffiti | Natus Vincere | Atlanta 201',NULL),(248,'Sealed Graffiti | Natus Vincere | Atlanta 201',NULL),(249,'Sealed Graffiti | Crown',NULL),(250,'Sealed Graffiti | Question Mark (War Pig Pink',NULL),(251,'Sealed Graffiti | Chef Kiss (Brick Red)',NULL),(252,'Sealed Graffiti | Oops (Monster Purple)',NULL),(253,'Sealed Graffiti | Thoughtfull (Blood Red)',NULL),(254,'Sealed Graffiti | Oops (Dust Brown)',NULL),(255,'Sealed Graffiti | NT (Frog Green)',NULL),(256,'Sealed Graffiti | Little Bock (War Pig Pink)',NULL),(257,'Sealed Graffiti | Bock Bock (Jungle Green)',NULL),(258,'Sealed Graffiti | Dead Now (Dust Brown)',NULL),(259,'Sealed Graffiti | Little Bock (Monster Purple',NULL);
/*!40000 ALTER TABLE `dumb_item` ENABLE KEYS */;
UNLOCK TABLES;

--
-- Table structure for table `item_type`
--

DROP TABLE IF EXISTS `item_type`;
/*!40101 SET @saved_cs_client     = @@character_set_client */;
/*!50503 SET character_set_client = utf8mb4 */;
CREATE TABLE `item_type` (
  `id` int(11) NOT NULL,
  `name` varchar(45) DEFAULT NULL,
  PRIMARY KEY (`id`)
) ENGINE=InnoDB DEFAULT CHARSET=utf8;
/*!40101 SET character_set_client = @saved_cs_client */;

--
-- Dumping data for table `item_type`
--

LOCK TABLES `item_type` WRITE;
/*!40000 ALTER TABLE `item_type` DISABLE KEYS */;
INSERT INTO `item_type` VALUES (0,'UNKNOWN'),(1,'Skin'),(2,'Agent'),(3,'Sticker'),(4,'Container'),(5,'AFER');
/*!40000 ALTER TABLE `item_type` ENABLE KEYS */;
UNLOCK TABLES;

--
-- Table structure for table `orm_mapping`
--

DROP TABLE IF EXISTS `orm_mapping`;
/*!40101 SET @saved_cs_client     = @@character_set_client */;
/*!50503 SET character_set_client = utf8mb4 */;
CREATE TABLE `orm_mapping` (
  `id` int(11) NOT NULL AUTO_INCREMENT,
  `JSON_NAME` varchar(255) DEFAULT NULL,
  `OBJECT_NAME` varchar(255) DEFAULT NULL,
  `SQL_NAME` varchar(255) DEFAULT NULL,
  PRIMARY KEY (`id`),
  UNIQUE KEY `id_UNIQUE` (`id`)
) ENGINE=InnoDB DEFAULT CHARSET=utf8;
/*!40101 SET character_set_client = @saved_cs_client */;

--
-- Dumping data for table `orm_mapping`
--

LOCK TABLES `orm_mapping` WRITE;
/*!40000 ALTER TABLE `orm_mapping` DISABLE KEYS */;
/*!40000 ALTER TABLE `orm_mapping` ENABLE KEYS */;
UNLOCK TABLES;

--
-- Table structure for table `skin`
--

DROP TABLE IF EXISTS `skin`;
/*!40101 SET @saved_cs_client     = @@character_set_client */;
/*!50503 SET character_set_client = utf8mb4 */;
CREATE TABLE `skin` (
  `id` int(11) NOT NULL AUTO_INCREMENT,
  `name` varchar(45) DEFAULT NULL,
  `image_url` varchar(511) DEFAULT NULL,
  `skin_set` int(11) DEFAULT NULL,
  `skin_rarity` int(11) DEFAULT NULL,
  `has_StatTrak` tinyint(1) DEFAULT NULL,
  `item_type` int(11) DEFAULT NULL,
  `weapon` int(11) DEFAULT NULL,
  PRIMARY KEY (`id`),
  KEY `fk_skin_set_idx` (`skin_set`),
  KEY `fk_skin_rarity_idx` (`skin_rarity`),
  KEY `fk_weapon_category_idx` (`weapon`),
  CONSTRAINT `fk_skin_rarity` FOREIGN KEY (`skin_rarity`) REFERENCES `skin_rarity` (`id`),
  CONSTRAINT `fk_skin_set` FOREIGN KEY (`skin_set`) REFERENCES `skin_set` (`id`),
  CONSTRAINT `fk_weapon` FOREIGN KEY (`weapon`) REFERENCES `weapon` (`id`)
) ENGINE=InnoDB AUTO_INCREMENT=145 DEFAULT CHARSET=utf8;
/*!40101 SET character_set_client = @saved_cs_client */;

--
-- Dumping data for table `skin`
--

LOCK TABLES `skin` WRITE;
/*!40000 ALTER TABLE `skin` DISABLE KEYS */;
INSERT INTO `skin` VALUES (1,'NULL_SKIN',NULL,NULL,NULL,NULL,NULL,NULL),(2,'Midnight Storm','https://steamcommunity-a.akamaihd.net/economy/image/-9a81dlWLwJ2UUGcVs_nsVtzdOEdtWwKGZZLQHTxDZ7I56KU0Zwwo4NUX4oFJZEHLbXH5ApeO4YmlhxYQknCRvCo04DEVlxkKgposr-kLAtl7PLFTi5H7c-im5KGqPv9NLPF2GpU7pcgj-_E9oj02wPm-EQ4YW2ncdTAcVA6YVGG_lO3xOq71MLo6MnXiSw0xSmk0RY/256fx256f',2,2,0,NULL,2),(3,'Water Elemental','https://steamcommunity-a.akamaihd.net/economy/image/-9a81dlWLwJ2UUGcVs_nsVtzdOEdtWwKGZZLQHTxDZ7I56KU0Zwwo4NUX4oFJZEHLbXH5ApeO4YmlhxYQknCRvCo04DEVlxkKgposbaqKAxf0Ob3djFN79f7mImagvLnML7fglRd4cJ5nqeQoN3w0QHgrhdoMjylJo7GIVU7ZAzQqQC6k-rs1JHotZvNzSRgvHFx-z-DyPzurK-U/256fx256f',3,5,1,NULL,3),(4,'Hot Rod','https://steamcommunity-a.akamaihd.net/economy/image/-9a81dlWLwJ2UUGcVs_nsVtzdOEdtWwKGZZLQHTxDZ7I56KU0Zwwo4NUX4oFJZEHLbXH5ApeO4YmlhxYQknCRvCo04DEVlxkKgpou-6kejhz2v_Nfz5H_uO3mr-ZkvPLPu_Qx3hu5Mx2gv2P8I-g0VHtqUNlNmimLdCRdFdoYFCErwC4xLu6jJbpuc-dnydq73Jw5GGdwULhEbgmIQ/256fx256f',4,5,0,NULL,4),(5,'龍王','https://steamcommunity-a.akamaihd.net/economy/image/-9a81dlWLwJ2UUGcVs_nsVtzdOEdtWwKGZZLQHTxDZ7I56KU0Zwwo4NUX4oFJZEHLbXH5ApeO4YmlhxYQknCRvCo04DEVlxkKgpou-6kejhjxszFJTwW0924l4WYg-X1P4TZk2pH8Ysgi7GY89utige2-kZuMDv1LIHBJFU_Z1HY_FK7wejohcLqv8jLmHswpGB8sv_L608z/256fx256f',5,5,0,NULL,5),(6,'Boreal Forest','https://steamcommunity-a.akamaihd.net/economy/image/-9a81dlWLwJ2UUGcVs_nsVtzdOEdtWwKGZZLQHTxDZ7I56KU0Zwwo4NUX4oFJZEHLbXH5ApeO4YmlhxYQknCRvCo04DEVlxkKgpotLu8JAllx8zAaAJE486zh5S0lfjmNrrdqWdY781lxL3E9o7zjFbj_0M4ZGr3IdXHcQ46YliD-wC6lb_ugMXp75nPwSBm6XU8pSGKJs4vvkw/256fx256f',6,6,0,NULL,6),(7,'Bloodsport','https://steamcommunity-a.akamaihd.net/economy/image/-9a81dlWLwJ2UUGcVs_nsVtzdOEdtWwKGZZLQHTxDZ7I56KU0Zwwo4NUX4oFJZEHLbXH5ApeO4YmlhxYQknCRvCo04DEVlxkKgpot7HxfDhnwMzJemkV0966m4-PhOf7Ia_um25V4dB8xO3Hpdn22lWxqUc9Zmr0J9XBIw89M1GGqFC8ybzvgMLvvJ6azSE1viM8pSGK5KY2J5A/256fx256f',7,6,0,NULL,8),(8,'Hyper Beast','https://steamcommunity-a.akamaihd.net/economy/image/-9a81dlWLwJ2UUGcVs_nsVtzdOEdtWwKGZZLQHTxDZ7I56KU0Zwwo4NUX4oFJZEHLbXH5ApeO4YmlhxYQknCRvCo04DEVlxkKgpot621FAR17PLfYQJK9cyzhr-JkvbnJ4Tck29Y_cg_ieuUoI7x0QfsqkE9ajr3cYTEIVBvZVmGrlS-l728gZfuupnOnyQ36z5iuyh_bCiqzQ/256fx256f',8,6,0,NULL,9),(9,'Fuel Injector','https://steamcommunity-a.akamaihd.net/economy/image/-9a81dlWLwJ2UUGcVs_nsVtzdOEdtWwKGZZLQHTxDZ7I56KU0Zwwo4NUX4oFJZEHLbXH5ApeO4YmlhxYQknCRvCo04DEVlxkKgpot7HxfDhnwMzJemkV08-jhIWZlP_1IbzUklRZ7cRnk6eSp92h2gGwrkRvZGymI4aVcwY5ZVuFrAS5xuy605e1v5_PznEyvyBx-z-DyHxgUuDa/256fx256f',9,6,0,NULL,8),(10,'Fever Dream','https://steamcommunity-a.akamaihd.net/economy/image/-9a81dlWLwJ2UUGcVs_nsVtzdOEdtWwKGZZLQHTxDZ7I56KU0Zwwo4NUX4oFJZEHLbXH5ApeO4YmlhxYQknCRvCo04DEVlxkKgpot621FAR17PLfYQJS_8W1nI-bluP8DLfYkWNFppQgj7yV9Nqi2Fbj_Eo5Ym72I9XGJwc2NAnS_1Pqxu6615W575uYznd9-n51iddPieY/256fx256f',7,5,0,NULL,9),(11,'Neo-Noir','https://steamcommunity-a.akamaihd.net/economy/image/-9a81dlWLwJ2UUGcVs_nsVtzdOEdtWwKGZZLQHTxDZ7I56KU0Zwwo4NUX4oFJZEHLbXH5ApeO4YmlhxYQknCRvCo04DEVlxkKgpou-6kejhjxszFJTwW09Kzm7-FmP7mDLbUkmJE5YsliLqYrNql3Qy2qEBqZm7wcY_BJA5qZQrQ_FK4xb3uh8C56pvMmiBmpGB8slvVzAVE/256fx256f',10,6,0,NULL,5),(12,'Flame Jörmungandr','https://steamcommunity-a.akamaihd.net/economy/image/-9a81dlWLwJ2UUGcVs_nsVtzdOEdtWwKGZZLQHTxDZ7I56KU0Zwwo4NUX4oFJZEHLbXH5ApeO4YmlhxYQknCRvCo04DEVlxkKgpot6-iFAZt7PnHYzB94863moeOqPv9NLPF2DpV7pcp2rGU9N33iwXkrRVrYW-hLNeQdlA7MlHUqQLvwObnhcDovZTXiSw0RYUHmrY/256fx256f',11,4,0,NULL,10),(13,'Containment Breach','https://steamcommunity-a.akamaihd.net/economy/image/-9a81dlWLwJ2UUGcVs_nsVtzdOEdtWwKGZZLQHTxDZ7I56KU0Zwwo4NUX4oFJZEHLbXH5ApeO4YmlhxYQknCRvCo04DEVlxkKgpot621FAR17PLfYQJU5c6jh7-GkvP9JrafwjoBvZAm2bCV8dms3w2y_hdsYTrxcoWQelRqN1rX-Vntw7zq0cO_uYOJlyWFbeTlIw/256fx256f',1,6,0,NULL,9),(14,'Elite Build','https://steamcommunity-a.akamaihd.net/economy/image/-9a81dlWLwJ2UUGcVs_nsVtzdOEdtWwKGZZLQHTxDZ7I56KU0Zwwo4NUX4oFJZEHLbXH5ApeO4YmlhxYQknCRvCo04DEVlxkKgpot7HxfDhjxszJemkV09G3h5SOhe7LPr7Vn35cpsEl0-2Xrdii3APt-RI4ZG71IdOXelJoZVDX_li7kOu-1MW6uZ_JyHV9-n51hRUaMfs/256fx256f',12,3,0,NULL,8),(15,'Lore','https://steamcommunity-a.akamaihd.net/economy/image/-9a81dlWLwJ2UUGcVs_nsVtzdOEdtWwKGZZLQHTxDZ7I56KU0Zwwo4NUX4oFJZEHLbXH5ApeO4YmlhxYQknCRvCo04DEVlxkKgpovbSsLQJf1f_BYQJB-eOwmImbqPv7Ib7ummJW4NE_ju-Rpo6m2QziqEJsZm_0IoKSclI8MAvX-QS6k7u-hpG56sidmyRkvT5iuygfdmLhDg/256fx256f',6,6,0,NULL,11),(16,'Fade','https://steamcommunity-a.akamaihd.net/economy/image/-9a81dlWLwJ2UUGcVs_nsVtzdOEdtWwKGZZLQHTxDZ7I56KU0Zwwo4NUX4oFJZEHLbXH5ApeO4YmlhxYQknCRvCo04DEVlxkKgpovbSsLQJf1f_BYQJD7eOwlYSOqPv9NLPF2DMAucMpj7HA897w2ATi_EY_Y230dY_Gc1M3N1jUqAPrxL-80J6_7pzXiSw05jfk9VU/256fx256f',6,6,0,NULL,11),(17,'Agent','https://steamcommunity-a.akamaihd.net/economy/image/-9a81dlWLwJ2UUGcVs_nsVtzdOEdtWwKGZZLQHTxDZ7I56KU0Zwwo4NUX4oFJZEHLbXH5ApeO4YmlhxYQknCRvCo04DEVlxkKgpou6rwOANf1OD3fC0X09q0nb-HnvD8J_WIzmgCsZJ12bjH8I6n2AWyr0A4ZGz3dYTAclQ_NVnV-lnqxuu9h8S1ot2Xnq77ARFo/256fx256f',13,4,1,NULL,12),(18,'Nemesis','https://steamcommunity-a.akamaihd.net/economy/image/-9a81dlWLwJ2UUGcVs_nsVtzdOEdtWwKGZZLQHTxDZ7I56KU0Zwwo4NUX4oFJZEHLbXH5ApeO4YmlhxYQknCRvCo04DEVlxkKgpou6ryFAR17P7YJgJM6dGlnZO0m_7zO6-fwTkBv5F03bjAp9ut2gOy_0I4MGynItCQcwdqYw7Q-lLtwLzphcK07YOJlyWB9VchYA/256fx256f',8,5,1,NULL,13),(19,'Bamboozle','https://steamcommunity-a.akamaihd.net/economy/image/-9a81dlWLwJ2UUGcVs_nsVtzdOEdtWwKGZZLQHTxDZ7I56KU0Zwwo4NUX4oFJZEHLbXH5ApeO4YmlhxYQknCRvCo04DEVlxkKgpoor-mcjhjxszcdD4b0963mYKEmMj4OrzZgiUDvMEp07GX9tikjgfg_xdkMGimLYeTdVc3Yl2D_QO3werogJHqtJic1zI97SuSa_L0/256fx256f',14,4,1,NULL,14),(20,'Atheris','https://steamcommunity-a.akamaihd.net/economy/image/-9a81dlWLwJ2UUGcVs_nsVtzdOEdtWwKGZZLQHTxDZ7I56KU0Zwwo4NUX4oFJZEHLbXH5ApeO4YmlhxYQknCRvCo04DEVlxkKgpot621FAR17PLfYQJU5cyzhr-GkvP9Jrafw2lU6ccp0rqX8d2nigTm_hdoNWmiIYHBdAVsaAzR-QO-xLq6g5G5uIOJlyWELqSUrQ/256fx256f',14,4,0,NULL,9),(21,'Facility Sketch','https://steamcommunity-a.akamaihd.net/economy/image/-9a81dlWLwJ2UUGcVs_nsVtzdOEdtWwKGZZLQHTxDZ7I56KU0Zwwo4NUX4oFJZEHLbXH5ApeO4YmlhxYQknCRvCo04DEVlxkKgpotLO_JAlf2-r3czFX6cyknY6fqOD8Oq_UqWdY781lxLzArY733QPl-hU5MGj0IY6ddgJoaFqCrwDsyb_u0MXuvJjNn3ti6HQ8pSGKfPrCgp8/256fx256f',15,1,0,NULL,15),(22,'Granite Marbleized','https://steamcommunity-a.akamaihd.net/economy/image/-9a81dlWLwJ2UUGcVs_nsVtzdOEdtWwKGZZLQHTxDZ7I56KU0Zwwo4NUX4oFJZEHLbXH5ApeO4YmlhxYQknCRvCo04DEVlxkKgpovrG1eVcwg8zAaAJF_t24nZSOqPrxN7LEmyUB6pwl2r2U84-h2VG1-hA6MWimJ4GRIAU2NAmC-QLvkLjsjJftup3L1zI97T2fu0Hu/256fx256f',16,2,0,NULL,16),(23,'Black Sand','https://steamcommunity-a.akamaihd.net/economy/image/-9a81dlWLwJ2UUGcVs_nsVtzdOEdtWwKGZZLQHTxDZ7I56KU0Zwwo4NUX4oFJZEHLbXH5ApeO4YmlhxYQknCRvCo04DEVlxkKgposbupIgthwczLZAJF7dC_mL-Khbr3MrbeqWZU7Mxkh6eXotrz21ex8xU6YDqlIYCcegU2ZAnX8gLvw-7vjJ687ZjKzHsw7CQl-z-DyFAG4o7s/256fx256f',17,3,0,NULL,17),(24,'Cyanospatter','https://steamcommunity-a.akamaihd.net/economy/image/-9a81dlWLwJ2UUGcVs_nsVtzdOEdtWwKGZZLQHTxDZ7I56KU0Zwwo4NUX4oFJZEHLbXH5ApeO4YmlhxYQknCRvCo04DEVlxkKgposLuoKhRf2-r3YzhH6uO7kYSCgvq6ar-HxW8I7JIk0ujF8Yil31Hl_RY9Yzv7JoWSJgA4MlHSrge9wO_mjYj84soWCGKLvQ/256fx256f',18,2,0,NULL,18),(25,'Blue Spruce','https://steamcommunity-a.akamaihd.net/economy/image/-9a81dlWLwJ2UUGcVs_nsVtzdOEdtWwKGZZLQHTxDZ7I56KU0Zwwo4NUX4oFJZEHLbXH5ApeO4YmlhxYQknCRvCo04DEVlxkKgpopamie19fwPz3fDJR_-O6nYeDg7mjZ-yExW9Qu5wkj7-W8dis2AXk-kFqamHwLNLDcA5rYArW-VC9kOzqm9bi61mW1oPB/256fx256f',19,1,0,NULL,19),(26,'Night Ops','https://steamcommunity-a.akamaihd.net/economy/image/-9a81dlWLwJ2UUGcVs_nsVtzdOEdtWwKGZZLQHTxDZ7I56KU0Zwwo4NUX4oFJZEHLbXH5ApeO4YmlhxYQknCRvCo04DEVlxkKgpotLO_JAlf2-r3ZzxQ5d-3mY-0mf7zO6_um25V4dB8xOyRrYnzi1HgrRVlNTrxJtDBdQA_Zw7V8wfok7zv1Je7tZWayHdl6Sc8pSGKDqcODX0/256fx256f',18,2,0,NULL,15),(27,'Scaffold','https://steamcommunity-a.akamaihd.net/economy/image/-9a81dlWLwJ2UUGcVs_nsVtzdOEdtWwKGZZLQHTxDZ7I56KU0Zwwo4NUX4oFJZEHLbXH5ApeO4YmlhxYQknCRvCo04DEVlxkKgpoo7e1f1Jf1OD3ZDBS0920jZOYqPrxN7LEmyUG7sF03rrFrY-g3Q3srUJoaz-hI4-WJwI_MlrZ_Qe4xujng8Lu6ZnP1zI97cEkp2Ay/256fx256f',7,4,0,NULL,20),(28,'Origami','https://steamcommunity-a.akamaihd.net/economy/image/-9a81dlWLwJ2UUGcVs_nsVtzdOEdtWwKGZZLQHTxDZ7I56KU0Zwwo4NUX4oFJZEHLbXH5ApeO4YmlhxYQknCRvCo04DEVlxkKgpopbuyLgNv1fX3cih9_92hkYSEkfHLPKnYkWpc4fp8j-3I4IG70Q2wrkA-NmnxdYWSe1c7NArZ-wO7we7ohsfqus7NzCdh6SR07X6IyQv3308UVXVJPg/256fx256f',12,3,0,NULL,21),(29,'Cirrus','https://steamcommunity-a.akamaihd.net/economy/image/-9a81dlWLwJ2UUGcVs_nsVtzdOEdtWwKGZZLQHTxDZ7I56KU0Zwwo4NUX4oFJZEHLbXH5ApeO4YmlhxYQknCRvCo04DEVlxkKgpou6ryFABz7PXBfzxO08y5m4yPkvbwJenummJW4NE_2bnE9N720Fft-Ec-Z2CldYbEd1M8M1CD_1HrkubnhcW9vMjLn3Bqvz5iuyjHksjlGg/256fx256f',17,3,0,NULL,13),(30,'Dualing Dragons','https://steamcommunity-a.akamaihd.net/economy/image/-9a81dlWLwJ2UUGcVs_nsVtzdOEdtWwKGZZLQHTxDZ7I56KU0Zwwo4NUX4oFJZEHLbXH5ApeO4YmlhxYQknCRvCo04DEVlxkKgpos7asPwJf0Ob3dShD4N6zhpKOg-P1DL_Dl2xe5tZOh-zF_Jn4xgHh_UY6YWv7cNPHcFBtYguD-Fbsx-rsh5e-upXIyXE3vydwtC3dykOpwUYb4qDnZ3s/256fx256f',20,3,0,NULL,22),(31,'Case Hardened','https://steamcommunity-a.akamaihd.net/economy/image/-9a81dlWLwJ2UUGcVs_nsVtzdOEdtWwKGZZLQHTxDZ7I56KU0Zwwo4NUX4oFJZEHLbXH5ApeO4YmlhxYQknCRvCo04DEVlxkKgpot7HxfDhhwszHeDFH6OO-kYGdjrmjYuvSwDIAvpAnib3C9o_3jFDsr0JpYWzyJ4eWIA48NQmB_Fm2lbzsm9bi66WZ81pV/256fx256f',21,5,0,NULL,8),(32,'Evil Daimyo','https://steamcommunity-a.akamaihd.net/economy/image/-9a81dlWLwJ2UUGcVs_nsVtzdOEdtWwKGZZLQHTxDZ7I56KU0Zwwo4NUX4oFJZEHLbXH5ApeO4YmlhxYQknCRvCo04DEVlxkKgpou-6kejhjxszFJTwW09mgnYy0k_b9PqLeqWdY781lxOqTpdT3iQbh-RBsN2H6JITGI1c3ZluB_FK6kry51J-4uZjJwSNkuyY8pSGKLxf1Y6o/256fx256f',8,4,1,NULL,5),(33,'Justice','https://steamcommunity-a.akamaihd.net/economy/image/-9a81dlWLwJ2UUGcVs_nsVtzdOEdtWwKGZZLQHTxDZ7I56KU0Zwwo4NUX4oFJZEHLbXH5ApeO4YmlhxYQknCRvCo04DEVlxkKgpou7uifDhnwMzFcDoV09ajh5SClPLLPr7Vn35cpsEj0rHC9omijgPk_0U6NWH6LdCUJARrZA2DrAS2xe_m1sW9u5vAzXB9-n51VXXNCOc/256fx256f',22,5,1,NULL,24),(34,'Decimator','https://steamcommunity-a.akamaihd.net/economy/image/-9a81dlWLwJ2UUGcVs_nsVtzdOEdtWwKGZZLQHTxDZ7I56KU0Zwwo4NUX4oFJZEHLbXH5ApeO4YmlhxYQknCRvCo04DEVlxkKgpou-6kejhz2v_Nfz5H_uOxh7-Gw_alDL_UlWJc6dF-mNbM8Ij8nVn6rhFtYmyiJ4SWJAc4NQvS8ge9xb3v1J65usmbnCY17CMr5CvYmkG1hgYMMLJencFQUA/256fx256f',7,5,1,NULL,4),(35,'Xiangliu','https://steamcommunity-a.akamaihd.net/economy/image/-9a81dlWLwJ2UUGcVs_nsVtzdOEdtWwKGZZLQHTxDZ7I56KU0Zwwo4NUX4oFJZEHLbXH5ApeO4YmlhxYQknCRvCo04DEVlxkKgpotaDyfgZf1OD3cid9_9K3n4WYqOfhIavdk1Rd4cJ5nqfApdqg0Q2yqhFtN27wJ4OXJFI3ZliGqVG9xOi8h5e575jJmiNk7ylz-z-DyEHqwXVj/256fx256f',7,5,0,NULL,25),(36,'Judgement of Anubis','https://steamcommunity-a.akamaihd.net/economy/image/-9a81dlWLwJ2UUGcVs_nsVtzdOEdtWwKGZZLQHTxDZ7I56KU0Zwwo4NUX4oFJZEHLbXH5ApeO4YmlhxYQknCRvCo04DEVlxkKgpotLO_JAlf0Ob3czRY49KJl5WZhPLLP7LWnn8f65Qoie-Urdjx21Hm8xc-Z2DyINKUdwM3MgzT8la3yOfrgJG1uJmdwWwj5Hfykm1Yuw/256fx256f',23,6,0,NULL,15),(37,'Phantom Disruptor','https://steamcommunity-a.akamaihd.net/economy/image/-9a81dlWLwJ2UUGcVs_nsVtzdOEdtWwKGZZLQHTxDZ7I56KU0Zwwo4NUX4oFJZEHLbXH5ApeO4YmlhxYQknCRvCo04DEVlxkKgpot7HxfDhjxszJenAWu-OmnIGFg_j5DL_YhXlE-NF-mNbM8Ij8nVn6_EQ5ZWr7cdWRdwI9YAmDqwTtwezrg8W9vprNmiRk63Ih4neInBHiiAYMMLIT_kAueQ/256fx256f',22,5,0,NULL,8),(38,'The Battlestar','https://steamcommunity-a.akamaihd.net/economy/image/-9a81dlWLwJ2UUGcVs_nsVtzdOEdtWwKGZZLQHTxDZ7I56KU0Zwwo4NUX4oFJZEHLbXH5ApeO4YmlhxYQknCRvCo04DEVlxkKgpou-6kejhnwMzFJTwW08y_m46OkuXLPr7Vn35cpp0m2b-Xo92s3Ffj_Epkazzzd4KcelRvYlzQ-lC8x-q8gsDvu5-fnSZ9-n51hKpk1bE/256fx256f',9,6,0,NULL,5),(39,'Light Rail','https://steamcommunity-a.akamaihd.net/economy/image/-9a81dlWLwJ2UUGcVs_nsVtzdOEdtWwKGZZLQHTxDZ7I56KU0Zwwo4NUX4oFJZEHLbXH5ApeO4YmlhxYQknCRvCo04DEVlxkKgposr-kLAtl7PTbTjlH7du6kb-Oj_jLP7LWnn8fsMd1ibCS89333AGxrRE9YmH0I4KdcgA7NQ2GrFi4xru6057qvsvLnWwj5HcdQQ8Quw/256fx256f',14,4,1,NULL,2),(40,'Mecha Industries','https://steamcommunity-a.akamaihd.net/economy/image/-9a81dlWLwJ2UUGcVs_nsVtzdOEdtWwKGZZLQHTxDZ7I56KU0Zwwo4NUX4oFJZEHLbXH5ApeO4YmlhxYQknCRvCo04DEVlxkKgpou-6kejhz2v_Nfz5H_uOxh7-Gw_alDLbUlWNQ18x_jvzS4Z78jUeLpxo7Oy3tJo-ScVVoZAuB8wW_xOft0ZC6uZ-bn3Nn63Mq7C2Oyx2yiBsYarNv1OveFwt9ELX6XQ/256fx256f',25,6,1,NULL,4),(41,'Avalanche','https://steamcommunity-a.akamaihd.net/economy/image/-9a81dlWLwJ2UUGcVs_nsVtzdOEdtWwKGZZLQHTxDZ7I56KU0Zwwo4NUX4oFJZEHLbXH5ApeO4YmlhxYQknCRvCo04DEVlxkKgpoor-mcjhjxszcdD4b092glYyKmfT8NoTdn2xZ_It0iL-Wp9r02gDk80c-NWylJ9WdIQ5tZliDrlnrkO3ogZS57ZrJwSdgpGB8sqmt10R9/256fx256f',26,4,1,NULL,14),(42,'Royal Legion','https://steamcommunity-a.akamaihd.net/economy/image/-9a81dlWLwJ2UUGcVs_nsVtzdOEdtWwKGZZLQHTxDZ7I56KU0Zwwo4NUX4oFJZEHLbXH5ApeO4YmlhxYQknCRvCo04DEVlxkKgposbaqKAxf1OD3djFN79fnzL-KgPbmN4Tdn2xZ_Isg07HCpYj23QLn-0prYzvycoXHIFVsYljXq1C9wObogZPv7Z3JzydkpGB8sj7oAKPM/256fx256f',9,4,1,NULL,3),(43,'Phantom','https://steamcommunity-a.akamaihd.net/economy/image/-9a81dlWLwJ2UUGcVs_nsVtzdOEdtWwKGZZLQHTxDZ7I56KU0Zwwo4NUX4oFJZEHLbXH5ApeO4YmlhxYQknCRvCo04DEVlxkKgpopb3wflFf1OD3YjoXuY-JhIiKmeP7PoTdn2xZ_Isk2-_CoduiiwXk-UdqYm2lItCQcAY2YQzTqFa8we7rhZ7vtcnLwXpipGB8snPKL3t3/256fx256f',27,4,1,NULL,26),(44,'Imperial','https://steamcommunity-a.akamaihd.net/economy/image/-9a81dlWLwJ2UUGcVs_nsVtzdOEdtWwKGZZLQHTxDZ7I56KU0Zwwo4NUX4oFJZEHLbXH5ApeO4YmlhxYQknCRvCo04DEVlxkKgpovrG1eVcwg8zJfAJSvozmxL-CmufxIbLQmlRD7cFOhuDG_Zi7iwDjrkFsZGrzI4GXd1NqYA7Zr1ntl-i7hJK7tMmbnyZgvyIhtniMmAv3308P9JxMBw/256fx256f',26,3,1,NULL,16),(45,'Triqua','https://steamcommunity-a.akamaihd.net/economy/image/-9a81dlWLwJ2UUGcVs_nsVtzdOEdtWwKGZZLQHTxDZ7I56KU0Zwwo4NUX4oFJZEHLbXH5ApeO4YmlhxYQknCRvCo04DEVlxkKgpot6-iFAR17PLddgJN_t24k4W0g-X9MrXWmm5u5Mx2gv2PotWmjVbk_hY_a23yd4STdAJsaVzY-FS4xLvq0Za0vM7OynM3vHVxsWGdwULM0AciSg/256fx256f',27,3,1,NULL,10),(46,'Red Astor','https://steamcommunity-a.akamaihd.net/economy/image/-9a81dlWLwJ2UUGcVs_nsVtzdOEdtWwKGZZLQHTxDZ7I56KU0Zwwo4NUX4oFJZEHLbXH5ApeO4YmlhxYQknCRvCo04DEVlxkKgpotaDyfgZf1OD3cicVud2JhoWPluTgPKnummJW4NE_j7mR8Nqt0A3s_RBpY2H0I9eUcgVoNF7Wrla-l7q5hMDvvZ6bmydr6D5iuygHt3zVOw/256fx256f',23,4,1,NULL,25),(47,'Doppler','https://steamcommunity-a.akamaihd.net/economy/image/-9a81dlWLwJ2UUGcVs_nsVtzdOEdtWwKGZZLQHTxDZ7I56KU0Zwwo4NUX4oFJZEHLbXH5ApeO4YmlhxYQknCRvCo04DEVlxkKgpovbSsLQJf0ebcZThQ6tCvq4GGqPP7I6vdk3lu-M1wmeyVyoD8j1yg5UM-YDz2I4OScwJsZl7Vr1O9x-u9g8K6uJnOzHM16ScktnmJmR23hhhSLrs4sbhU0c4/256fx256f',3,6,0,NULL,27),(48,'Ghost Crusader','https://steamcommunity-a.akamaihd.net/economy/image/-9a81dlWLwJ2UUGcVs_nsVtzdOEdtWwKGZZLQHTxDZ7I56KU0Zwwo4NUX4oFJZEHLbXH5ApeO4YmlhxYQknCRvCo04DEVlxkKgpopamie19f1OD3Yi5FvISJlZKGlvT7Ib7ummJW4NE_2r2Sptin0ALtqEVoNmiiJI6UcgE-ZF2B_gS_k-3sh8fotc7Oz3Ewuj5iuygoy1B0ow/256fx256f',23,4,1,NULL,19),(49,'Cartel','https://steamcommunity-a.akamaihd.net/economy/image/-9a81dlWLwJ2UUGcVs_nsVtzdOEdtWwKGZZLQHTxDZ7I56KU0Zwwo4NUX4oFJZEHLbXH5ApeO4YmlhxYQknCRvCo04DEVlxkKgpopujwezhhwszYI2gS09-3hpSOm8j4OrzZgiVVvpZ0i7iQotWm3FW38xVlMm3zddDAcgQ5NwnUq1C6wua718S9u5rO1zI97QJBKztq/256fx256f',28,5,1,NULL,28),(50,'Whitefish','https://steamcommunity-a.akamaihd.net/economy/image/-9a81dlWLwJ2UUGcVs_nsVtzdOEdtWwKGZZLQHTxDZ7I56KU0Zwwo4NUX4oFJZEHLbXH5ApeO4YmlhxYQknCRvCo04DEVlxkKgpou7umeldf1OD3fDxBvYyJkomYn8j2MrLFqWdY781lxLqQ9NSg3Qbs-UNuajv6JYOSdg5sY1mD-1C7w--9gMC9vZybyXc2vCc8pSGKgUO26SE/256fx256f',14,3,0,NULL,29),(51,'Crimson Web','https://steamcommunity-a.akamaihd.net/economy/image/-9a81dlWLwJ2UUGcVs_nsVtzdOEdtWwKGZZLQHTxDZ7I56KU0Zwwo4NUX4oFJZEHLbXH5ApeO4YmlhxYQknCRvCo04DEVlxkKgpovbSsLQJf1fLEcjVL49KJnJm0gPL2IITdn2xZ_IsoibqUoI-i0AXtqUs6N2D6J9SQdgVsMg2FqVi5x7vojJ7pusjBz3FgpGB8snYFez90/256fx256f',8,6,0,NULL,30),(52,'Condemned','https://steamcommunity-a.akamaihd.net/economy/image/-9a81dlWLwJ2UUGcVs_nsVtzdOEdtWwKGZZLQHTxDZ7I56KU0Zwwo4NUX4oFJZEHLbXH5ApeO4YmlhxYQknCRvCo04DEVlxkKgpot6-iFBRw7P7NYjV96tOkkZOfqPH9Ib7um25V4dB8xLuVoIqkiVHtrkFoMGjzdoSWdwY6aFvX_Vfow-_mhJS5vs_IwHRhuyk8pSGK2gnD2Gc/256fx256f',19,2,0,NULL,10),(53,'CaliCamo','https://steamcommunity-a.akamaihd.net/economy/image/-9a81dlWLwJ2UUGcVs_nsVtzdOEdtWwKGZZLQHTxDZ7I56KU0Zwwo4NUX4oFJZEHLbXH5ApeO4YmlhxYQknCRvCo04DEVlxkKgporrf0e1Y07PvRTitD_tW1lY2EqPPxIL7DglRd4cJ5nqeZrN-ki1ayrUE9MmrxLY-Xeg85ZlzS-gW-xOjug8S_vJucm3IysyF0-z-DyLOku5tY/256fx256f',16,2,0,NULL,31),(54,'Cortex','https://steamcommunity-a.akamaihd.net/economy/image/-9a81dlWLwJ2UUGcVs_nsVtzdOEdtWwKGZZLQHTxDZ7I56KU0Zwwo4NUX4oFJZEHLbXH5ApeO4YmlhxYQknCRvCo04DEVlxkKgpoo6m1FBRp3_bGcjhQ09-jq5WYh8j3Jq_ummJW4NE_376S84-tiwHt_0VqZDzwI47DcVNqaFDZ-gLrxea918S5tJucwSY2uj5iuygjNe-uOA/256fx256f',10,5,0,NULL,23),(55,'The Emperor','https://steamcommunity-a.akamaihd.net/economy/image/-9a81dlWLwJ2UUGcVs_nsVtzdOEdtWwKGZZLQHTxDZ7I56KU0Zwwo4NUX4oFJZEHLbXH5ApeO4YmlhxYQknCRvCo04DEVlxkKgpou-6kejhnwMzFJTwW09m7hIWZmOXLPr7Vn35cppVy0rCXodyj2QS28kVvYW6ldo-Tew84YA6C-1m7xuzu0ZW56MzLnyB9-n51H0vrrBM/256fx256f',14,6,0,NULL,5),(56,'Exposure','https://steamcommunity-a.akamaihd.net/economy/image/-9a81dlWLwJ2UUGcVs_nsVtzdOEdtWwKGZZLQHTxDZ7I56KU0Zwwo4NUX4oFJZEHLbXH5ApeO4YmlhxYQknCRvCo04DEVlxkKgpoo7e1f1Jf0Ob3ZDBSuImJjM2Zlu7LPrrSnmJf7fp9g-7J4cL03AHi-BZsYmylcIWWJgc2ZlyDqVO8werqjcLuvprMzSNiv3R25XeMgVXp1uyLuzoQ/256fx256f',27,4,0,NULL,20),(57,'Blue Ply','https://steamcommunity-a.akamaihd.net/economy/image/-9a81dlWLwJ2UUGcVs_nsVtzdOEdtWwKGZZLQHTxDZ7I56KU0Zwwo4NUX4oFJZEHLbXH5ApeO4YmlhxYQknCRvCo04DEVlxkKgposr-kLAtl7PDdTjlH7du6kb-Zkuf4OrjQqWdY781lxLCRpY2m2APs_Bc4ZD_3coWXdgU7MgvV_wS7x7q8hpK56JrBySAy63U8pSGKvdbPjr4/256fx256f',22,3,0,NULL,2),(58,'Uncharted','https://steamcommunity-a.akamaihd.net/economy/image/-9a81dlWLwJ2UUGcVs_nsVtzdOEdtWwKGZZLQHTxDZ7I56KU0Zwwo4NUX4oFJZEHLbXH5ApeO4YmlhxYQknCRvCo04DEVlxkKgpot7HxfDhjxszJemkV092sgIWIqPrxN7LEmyUI6ZAm3ujCpNymjFWx-0RtNjzzctWVIQdqYg7X81nok7rp0JbpuJ7M1zI97ZAMLLaU/256fx256f',14,3,0,NULL,8),(59,'Bioleak','https://steamcommunity-a.akamaihd.net/economy/image/-9a81dlWLwJ2UUGcVs_nsVtzdOEdtWwKGZZLQHTxDZ7I56KU0Zwwo4NUX4oFJZEHLbXH5ApeO4YmlhxYQknCRvCo04DEVlxkKgpou6r8FAZt7P7YKAJA5dO6kYGAqPv9NLPF2G8I6pV12uyY84n02gXk_0trYjzzIYeVIFI5YVyCrAC-wr270ZC8uZvXiSw0m4a2ZsM/256fx256f',23,3,1,NULL,32),(60,'Capillary','https://steamcommunity-a.akamaihd.net/economy/image/-9a81dlWLwJ2UUGcVs_nsVtzdOEdtWwKGZZLQHTxDZ7I56KU0Zwwo4NUX4oFJZEHLbXH5ApeO4YmlhxYQknCRvCo04DEVlxkKgpou6r8FAR17P7YKAJU6dW4q4yCkP_gfb-BxzMI6pcgjOvAodql21Ky80s4Z2n0cIDEJAZrZ1vQ81Low-y91JGi_MOe7kDKSbU/256fx256f',29,3,1,NULL,32),(61,'Wasteland Rebel','https://steamcommunity-a.akamaihd.net/economy/image/-9a81dlWLwJ2UUGcVs_nsVtzdOEdtWwKGZZLQHTxDZ7I56KU0Zwwo4NUX4oFJZEHLbXH5ApeO4YmlhxYQknCRvCo04DEVlxkKgposbaqKAxf0Ob3djFN79eJg4GYg_L4MrXVqXlU6sB9teXI8oThxgbs_0tlajihJ4PAd1c8aAvWrwXsx-q9h8fqvZTNmic2uylz5SqJlxypwUYbBM1DXmo/256fx256f',25,6,0,NULL,3),(62,'Neon Rider','https://steamcommunity-a.akamaihd.net/economy/image/-9a81dlWLwJ2UUGcVs_nsVtzdOEdtWwKGZZLQHTxDZ7I56KU0Zwwo4NUX4oFJZEHLbXH5ApeO4YmlhxYQknCRvCo04DEVlxkKgpou7umeldf0Ob3fDxBvYyJmoWEmeX9N77DqWdY781lxL3D9NSni1LmqRJuN2ClcNWTewJqZljXqFS4wurthMTu787LySBivSQ8pSGKiltL9Jg/256fx256f',12,6,0,NULL,29),(63,'Pulse','https://steamcommunity-a.akamaihd.net/economy/image/-9a81dlWLwJ2UUGcVs_nsVtzdOEdtWwKGZZLQHTxDZ7I56KU0Zwwo4NUX4oFJZEHLbXH5ApeO4YmlhxYQknCRvCo04DEVlxkKgposLuoKhRf0Ob3dzxP7c-JhJWHhPLLP7LWnn8f7sR13-3H9oiiigS3qBU5ZWz2d4HGcQ8-YgzQ81C_xe7mhZK1uZScmmwj5HeDCkLaKQ/256fx256f',30,4,1,NULL,18),(64,'Code Red','https://steamcommunity-a.akamaihd.net/economy/image/-9a81dlWLwJ2UUGcVs_nsVtzdOEdtWwKGZZLQHTxDZ7I56KU0Zwwo4NUX4oFJZEHLbXH5ApeO4YmlhxYQknCRvCo04DEVlxkKgposr-kLAtl7PTbTjlH7du6kb-KkPDmNqjCmXlu4MBwnPCPrY6j3QG2rxVqZ2-lcdLHcFI4ZlHWrFXqwLrrg5Dt6svLyicy7yAl4WGdwUK_RHY-Ww/256fx256f',29,6,0,NULL,2),(65,'Red Laminate','https://steamcommunity-a.akamaihd.net/economy/image/-9a81dlWLwJ2UUGcVs_nsVtzdOEdtWwKGZZLQHTxDZ7I56KU0Zwwo4NUX4oFJZEHLbXH5ApeO4YmlhxYQknCRvCo04DEVlxkKgpot7HxfDhoyszJemkV4N27q4iOluHtfb6EzjsA6pQi3ruZrd723wfi_0I4amjzIoeTJAQ8aFzT-wPvx-26gpei_MOe6z3geXU/256fx256f',31,5,0,NULL,8),(66,'Cyrex','https://steamcommunity-a.akamaihd.net/economy/image/-9a81dlWLwJ2UUGcVs_nsVtzdOEdtWwKGZZLQHTxDZ7I56KU0Zwwo4NUX4oFJZEHLbXH5ApeO4YmlhxYQknCRvCo04DEVlxkKgpopb3wflFf0Ob3YjoXuY-Jl5mZku_LPr7Vn35cppEm3OiV94-gjFfh-0VsZ2rxI4OTIwA8Yl-C-1K-l73nhJHq6J-anHp9-n51K6HNBY8/256fx256f',8,5,0,NULL,26),(67,'Mortis','https://steamcommunity-a.akamaihd.net/economy/image/-9a81dlWLwJ2UUGcVs_nsVtzdOEdtWwKGZZLQHTxDZ7I56KU0Zwwo4NUX4oFJZEHLbXH5ApeO4YmlhxYQknCRvCo04DEVlxkKgpot621FABz7PLfYQJG6d2inL-HnvD8J_WAz2lV7cAh3uyX9Nz33FXnqUs6a2rxctKdJ1c_aQ6Fq1DrxOvn05Tpot2XnvIeBIAw/256fx256f',10,5,0,NULL,9),(68,'Guardian','https://steamcommunity-a.akamaihd.net/economy/image/-9a81dlWLwJ2UUGcVs_nsVtzdOEdtWwKGZZLQHTxDZ7I56KU0Zwwo4NUX4oFJZEHLbXH5ApeO4YmlhxYQknCRvCo04DEVlxkKgpoo6m1FBRp3_bGcjhQ09-jq5WYh8jxP77Wl2VF18l4jeHVu9Wh3gzlqRU6NmqhINXDelA9MliBr1O_kLjuh5Dt7sjLnyBlviJ0syvD30vgdbWoQSw/256fx256f',32,4,1,NULL,23),(69,'Grinder','https://steamcommunity-a.akamaihd.net/economy/image/-9a81dlWLwJ2UUGcVs_nsVtzdOEdtWwKGZZLQHTxDZ7I56KU0Zwwo4NUX4oFJZEHLbXH5ApeO4YmlhxYQknCRvCo04DEVlxkKgposbaqKAxf0uL3djFN79eJl4-Cm_LwDLfYkWNFpsEljurD89zx2gPg_Eo-amyiINfBdgVtYl6G-QO9l-271p677s-dwXZ9-n51WfGqKvY/256fx256f',28,4,1,NULL,3),(70,'Asiimov','https://steamcommunity-a.akamaihd.net/economy/image/-9a81dlWLwJ2UUGcVs_nsVtzdOEdtWwKGZZLQHTxDZ7I56KU0Zwwo4NUX4oFJZEHLbXH5ApeO4YmlhxYQknCRvCo04DEVlxkKgpopuP1FAR17OORIXBD_9W_mY-dqPrxN7LEmyUF7MEniOqXpY2hiwbs80s-Zjv1Jo-QcQM8NF_Z81Ltxr3qgJ_tuc6b1zI97XT1Ujq3/256fx256f',3,6,0,NULL,34),(71,'Hellfire','https://steamcommunity-a.akamaihd.net/economy/image/-9a81dlWLwJ2UUGcVs_nsVtzdOEdtWwKGZZLQHTxDZ7I56KU0Zwwo4NUX4oFJZEHLbXH5ApeO4YmlhxYQknCRvCo04DEVlxkKgpou-6kejhjxszFJTwW09SzmIyNnuXxDLfYkWNFpsEi3L6UrdiljFXlr0VsNmj6dteXdFBtYFnV-VjryO3qhMe86c7BwHB9-n51JK1M_qQ/256fx256f',33,5,0,NULL,5),(72,'Fuel Rod','https://steamcommunity-a.akamaihd.net/economy/image/-9a81dlWLwJ2UUGcVs_nsVtzdOEdtWwKGZZLQHTxDZ7I56KU0Zwwo4NUX4oFJZEHLbXH5ApeO4YmlhxYQknCRvCo04DEVlxkKgpotLO_JAlf0Ob3czRY49KJmo-TnvjhIITdn2xZ_It1ibrA89mijlXk-UdoZ2GhJoLAdlJqM1DY-Vnvwb_shp_v6cjNzyE2pGB8st2-4asr/256fx256f',26,4,0,NULL,15),(73,'Death by Kitty','https://steamcommunity-a.akamaihd.net/economy/image/-9a81dlWLwJ2UUGcVs_nsVtzdOEdtWwKGZZLQHTxDZ7I56KU0Zwwo4NUX4oFJZEHLbXH5ApeO4YmlhxYQknCRvCo04DEVlxkKgpopuP1FAR17PDJZS5J-dC6h7-bzqfLP7LWnn8fuMN32OqU9tmmiQLt-hZuaz2mJITGJgFsZViF-Vi7levs0Z7vupXLz2wj5HegSjteqg/256fx256f',31,6,0,NULL,34),(74,'★ Shadow Daggers','https://steamcommunity-a.akamaihd.net/economy/image/-9a81dlWLwJ2UUGcVs_nsVtzdOEdtWwKGZZLQHTxDZ7I56KU0Zwwo4NUX4oFJZEHLbXU5A1PIYQh5hlcX0nvUOGsx8DdQBJjIAVHubSaIAlp1fb3YShR5JLnx4bfx67yYejUwD4CuZUmibCRot2kjQG1qUFpazv2JtSUegFoN16B5BHglmGclzRb/256fx256f',20,6,0,NULL,35),(75,'Bullet Rain','https://steamcommunity-a.akamaihd.net/economy/image/-9a81dlWLwJ2UUGcVs_nsVtzdOEdtWwKGZZLQHTxDZ7I56KU0Zwwo4NUX4oFJZEHLbXH5ApeO4YmlhxYQknCRvCo04DEVlxkKgpou-6kejhjxszKZDFO6ciJhoGCmcj5Z7qAqWdY781lxL3Dptms2wzjqUs9MTqndobEJw88YFvUqAC-l-zuhZDvuJ3MnXthuCI8pSGKrTrO99I/256fx256f',34,6,0,NULL,5),(76,'Violent Daimyo','https://steamcommunity-a.akamaihd.net/economy/image/-9a81dlWLwJ2UUGcVs_nsVtzdOEdtWwKGZZLQHTxDZ7I56KU0Zwwo4NUX4oFJZEHLbXH5ApeO4YmlhxYQknCRvCo04DEVlxkKgposLOzLhRlxfbGTj5X09q_goW0hPLiNrXukmpY5dx-teTE8YXghRqwrRFoYWGhdYScdQQ8YAvS81a3wui80J606J6YzXE1siEn4yzYnBK1n1gSOVzaIvOT/256fx256f',25,3,1,NULL,36),(77,'Hexane','https://steamcommunity-a.akamaihd.net/economy/image/-9a81dlWLwJ2UUGcVs_nsVtzdOEdtWwKGZZLQHTxDZ7I56KU0Zwwo4NUX4oFJZEHLbXH5ApeO4YmlhxYQknCRvCo04DEVlxkKgposLuoKhRf2-r3czFX6dSzjL-HnvD8J_XXkzMGv5MiiLqS8I2t0QLnqBVkZDz6do7DJgFsaAqGqVi-wOq7gpK7ot2Xns8-940N/256fx256f',35,3,0,NULL,18),(78,'Blue Titanium','https://steamcommunity-a.akamaihd.net/economy/image/-9a81dlWLwJ2UUGcVs_nsVtzdOEdtWwKGZZLQHTxDZ7I56KU0Zwwo4NUX4oFJZEHLbXH5ApeO4YmlhxYQknCRvCo04DEVlxkKgpoor-mcjhh3czceClD4tWjmdPbgcj4OrzZgiUGvpUm0rmXoN6m3VXt8kU4NWHyLILHdA46YF3ZrgfrlOm608XouZ7J1zI97dumq2ev/256fx256f',35,3,0,NULL,14),(79,'Demeter','https://steamcommunity-a.akamaihd.net/economy/image/-9a81dlWLwJ2UUGcVs_nsVtzdOEdtWwKGZZLQHTxDZ7I56KU0Zwwo4NUX4oFJZEHLbXH5ApeO4YmlhxYQknCRvCo04DEVlxkKgposem2LFZf2-r3czFX6cy5mJmMmPnLManQgGRu5Mx2gv2Po9qm0ALm-BJoam76IYeXIFQ-ZVCGq1O8l-e61pa67ZiayHNkuHMlsGGdwUJ2yKCJoA/256fx256f',36,3,0,NULL,37),(80,'Off World','https://steamcommunity-a.akamaihd.net/economy/image/-9a81dlWLwJ2UUGcVs_nsVtzdOEdtWwKGZZLQHTxDZ7I56KU0Zwwo4NUX4oFJZEHLbXH5ApeO4YmlhxYQknCRvCo04DEVlxkKgpopuP1FAR17OORIQJN6tqhm5KHk8j4OrzZgiUFvcMgjuuU99T33Afh_kRoNW31ctDDJwE5aF7Qrlnrl-zmgJe16c6Y1zI97e6qBIG_/256fx256f',14,3,1,NULL,34),(81,'Verdigris','https://steamcommunity-a.akamaihd.net/economy/image/-9a81dlWLwJ2UUGcVs_nsVtzdOEdtWwKGZZLQHTxDZ7I56KU0Zwwo4NUX4oFJZEHLbXH5ApeO4YmlhxYQknCRvCo04DEVlxkKgpopujwezhhwszYI2gS08qzhoSCkOX9IITck29Y_cg_0-zA9o7zig3iqEU-ZzyiJtCTcgFqZgvSrlS2wrjs18C875iYyiNn7j5iuyi1McTt_Q/256fx256f',14,3,1,NULL,28),(82,'Powercore','https://steamcommunity-a.akamaihd.net/economy/image/-9a81dlWLwJ2UUGcVs_nsVtzdOEdtWwKGZZLQHTxDZ7I56KU0Zwwo4NUX4oFJZEHLbXH5ApeO4YmlhxYQknCRvCo04DEVlxkKgpou6ryFABz7OPHZjhQ79Okkb-Gh6DLPr7Vn35cppwm37-S8Nn20VXmr0o-ajvwIYScIFRrZV-F_lK_xem-g5C4u5rOnXB9-n5169l_4VQ/256fx256f',29,4,0,NULL,13),(83,'Brass','https://steamcommunity-a.akamaihd.net/economy/image/-9a81dlWLwJ2UUGcVs_nsVtzdOEdtWwKGZZLQHTxDZ7I56KU0Zwwo4NUX4oFJZEHLbXH5ApeO4YmlhxYQknCRvCo04DEVlxkKgpotLO_JAlf0uL3cy9D_8-JmYWPnuL5fejXxTNTuJ113LqUo9yt3ALlr0FvMWClLdDEelM4Yw7Rr1S7lO7njJSi_MOeRagMOOA/256fx256f',38,3,0,NULL,15),(84,'Tiger Moth','https://steamcommunity-a.akamaihd.net/economy/image/-9a81dlWLwJ2UUGcVs_nsVtzdOEdtWwKGZZLQHTxDZ7I56KU0Zwwo4NUX4oFJZEHLbXH5ApeO4YmlhxYQknCRvCo04DEVlxkKgpopb3wflFf1OD3YjoXuY-JgImMkuXLPrTFnlRd4cJ5nqeQrYjw2FHhrkNuam73JdeTdQU9YVjT8gS4xei51MS9uZTPnyE17ygq-z-DyOkB2OsD/256fx256f',26,4,1,NULL,26),(85,'Corinthian','https://steamcommunity-a.akamaihd.net/economy/image/-9a81dlWLwJ2UUGcVs_nsVtzdOEdtWwKGZZLQHTxDZ7I56KU0Zwwo4NUX4oFJZEHLbXH5ApeO4YmlhxYQknCRvCo04DEVlxkKgposr-kLAtl7PLZTjlH7du6kb-ImOX9Pa_Zn2pf18l4jeHVu9303g3g80puMmj6IYXEcwU_Zl_V_lS_le7qgZS5vJWbzSBg7il34njD30vgSPN-IfI/256fx256f',26,3,1,NULL,2),(86,'Kill Confirmed','https://steamcommunity-a.akamaihd.net/economy/image/-9a81dlWLwJ2UUGcVs_nsVtzdOEdtWwKGZZLQHTxDZ7I56KU0Zwwo4NUX4oFJZEHLbXH5ApeO4YmlhxYQknCRvCo04DEVlxkKgpoo6m1FBRp3_bGcjhQ09-jq5WYh8j_OrfdqWhe5sN4mOTE8bP4jVC9vh5yYGr7IoWVdABrYQ3Y-1m8xezp0ZTtvpjNmHpguCAhtnndzRW10x9KOvsv26KUE4Zjjg/256fx256f',20,6,0,NULL,23),(87,'Aquamarine Revenge','https://steamcommunity-a.akamaihd.net/economy/image/-9a81dlWLwJ2UUGcVs_nsVtzdOEdtWwKGZZLQHTxDZ7I56KU0Zwwo4NUX4oFJZEHLbXH5ApeO4YmlhxYQknCRvCo04DEVlxkKgpot7HxfDhjxszJemkV09-5gZKKkPLLMrfFqWZU7Mxkh6eU896n0FXk-RJsNzv3cI-WJAA3YFDTqFa2l-u6jJW4uJqdyCBluyEm-z-DyCua9lLK/256fx256f',8,6,0,NULL,8),(88,'Serum','https://steamcommunity-a.akamaihd.net/economy/image/-9a81dlWLwJ2UUGcVs_nsVtzdOEdtWwKGZZLQHTxDZ7I56KU0Zwwo4NUX4oFJZEHLbXH5ApeO4YmlhxYQknCRvCo04DEVlxkKgpoo6m1FBRp3_bGcjhQ0927q4WHkvTgIbLSqXlU7Pp9g-7J4cLwjgzk-0Y-NjuiI4KRdw5oMAqCr1nox-jr0JbuvpzJm3A27CNz5X_agVXp1ik-to9s/256fx256f',35,5,0,NULL,23),(89,'Undertow','https://steamcommunity-a.akamaihd.net/economy/image/-9a81dlWLwJ2UUGcVs_nsVtzdOEdtWwKGZZLQHTxDZ7I56KU0Zwwo4NUX4oFJZEHLbXH5ApeO4YmlhxYQknCRvCo04DEVlxkKgpopujwezhh3szYI2gS096zlYSOk8jkMrLfglRd4cJ5nqeT8Yjx2VDgqUU4N2-ldYSVegQ-YVnY-lPvx-6-1sDttcmYmyNkuCJ2-z-DyKbJCvT-/256fx256f',39,5,0,NULL,28),(90,'Heat','https://steamcommunity-a.akamaihd.net/economy/image/-9a81dlWLwJ2UUGcVs_nsVtzdOEdtWwKGZZLQHTxDZ7I56KU0Zwwo4NUX4oFJZEHLbXH5ApeO4YmlhxYQknCRvCo04DEVlxkKgpou7uifDhjxszFcDoV086zkIiEg8j4OrzZgiUGvpUp3eiZptrw0Fft8xU4Ymn0IoPEdlQ7ZwyDq1i6x7y-gMfv7pmd1zI97Us53qRd/256fx256f',12,4,1,NULL,24),(91,'Urban Rubble','https://steamcommunity-a.akamaihd.net/economy/image/-9a81dlWLwJ2UUGcVs_nsVtzdOEdtWwKGZZLQHTxDZ7I56KU0Zwwo4NUX4oFJZEHLbXH5ApeO4YmlhxYQknCRvCo04DEVlxkKgposbupIgthwczAaAJU7c6_l4GGmMjhIbnQmFRd4cJ5nqeRoY6hjAPk8hVtMmqncYeVe1U5YF_TrlTrl-vqhJ69vZ7Bm3BnvXUi-z-DyJO1o6Z1/256fx256f',4,2,0,NULL,17),(92,'Marble Fade','https://steamcommunity-a.akamaihd.net/economy/image/-9a81dlWLwJ2UUGcVs_nsVtzdOEdtWwKGZZLQHTxDZ7I56KU0Zwwo4NUX4oFJZEHLbXH5ApeO4YmlhxYQknCRvCo04DEVlxkKgpovbSsLQJfx_LLZTRB7dCJlY20mvbmMbfUqW1Q7MBOhuDG_Zi721GyqERqZG_3d4fEIwA8ZV_XrATrxbzr0cC97Z7BySBiuyV04H7dnAv330-db6QRxg/256fx256f',40,6,0,NULL,38),(93,'Stainless','https://steamcommunity-a.akamaihd.net/economy/image/-9a81dlWLwJ2UUGcVs_nsVtzdOEdtWwKGZZLQHTxDZ7I56KU0Zwwo4NUX4oFJZEHLbXH5ApeO4YmlhxYQknCRvCo04DEVlxkKgpoo6m1FBRp3_bGcjhQ092nq5WYh8jnJ7rYmGdU-9ZOh-zF_Jn4xlbs-0o5ZzqmJYLHcQZvZw2Cq1a3wu650MPq78nJznYwuHVz5nePmUCpwUYbxrKWk3g/256fx256f',39,3,0,NULL,23),(94,'Acheron','https://steamcommunity-a.akamaihd.net/economy/image/-9a81dlWLwJ2UUGcVs_nsVtzdOEdtWwKGZZLQHTxDZ7I56KU0Zwwo4NUX4oFJZEHLbXH5ApeO4YmlhxYQknCRvCo04DEVlxkKgpot621FA957P3dcjFH7c6Jh4uem_vnDKnUkmld_cBOhuDG_Zi73gTlqhJuYD_6LYDGdg4-Z1zQrFW9yLvvgMC-vJmazCA3vXZzsy7Zlgv3308OIiH5Ag/256fx256f',15,3,0,NULL,9),(95,'Jungle Tiger','https://steamcommunity-a.akamaihd.net/economy/image/-9a81dlWLwJ2UUGcVs_nsVtzdOEdtWwKGZZLQHTxDZ7I56KU0Zwwo4NUX4oFJZEHLbXH5ApeO4YmlhxYQknCRvCo04DEVlxkKgpou-6kejhoyszeTilL69mkq4yCkP_gfbjVkDhXsMAl2b3E9N-j0ADmrRJpYWmgddTAIQ4_Yw2BqAC9l-y51JOi_MOeuFGxnXQ/256fx256f',41,2,0,NULL,5),(96,'Tranquility','https://steamcommunity-a.akamaihd.net/economy/image/-9a81dlWLwJ2UUGcVs_nsVtzdOEdtWwKGZZLQHTxDZ7I56KU0Zwwo4NUX4oFJZEHLbXH5ApeO4YmlhxYQknCRvCo04DEVlxkKgporrf0e1Y07PDdTiVPvYznwL-IluX9J7rCqWZU7Mxkh6fA9t2h3ALm-UE_ZmrzcITAcAU5MljWqQW_xert1JW97pSczHRi6XUi-z-DyJla4gm3/256fx256f',28,5,0,NULL,31),(97,'Master Piece','https://steamcommunity-a.akamaihd.net/economy/image/-9a81dlWLwJ2UUGcVs_nsVtzdOEdtWwKGZZLQHTxDZ7I56KU0Zwwo4NUX4oFJZEHLbXH5ApeO4YmlhxYQknCRvCo04DEVlxkKgpou-6kejhz2v_Nfz5H_uO1gb-Gw_alfqjuhWJd7ctyj9bM8Ij8nVn6_ERkNT_0IoXHIQI9M1CE_1G3ku6605K-us7InyNhvnQnt37VnkOx1QYMMLJOVeO32Q/256fx256f',42,5,0,NULL,4),(98,'Palm','https://steamcommunity-a.akamaihd.net/economy/image/-9a81dlWLwJ2UUGcVs_nsVtzdOEdtWwKGZZLQHTxDZ7I56KU0Zwwo4NUX4oFJZEHLbXH5ApeO4YmlhxYQknCRvCo04DEVlxkKgpou7umeldfwOP3YTxO4eO7kYSCgvq6NeqEwj8Iu5wh07GQp9ii3QS2_EU5azymItPHI1c5Nw7UrlK_kum81Ij84sotyKtF8Q/256fx256f',38,2,0,NULL,29),(99,'Elite 1.6','https://steamcommunity-a.akamaihd.net/economy/image/-9a81dlWLwJ2UUGcVs_nsVtzdOEdtWwKGZZLQHTxDZ7I56KU0Zwwo4NUX4oFJZEHLbXH5ApeO4YmlhxYQknCRvCo04DEVlxkKgpos7asPwJf1OD3dShD4OOzmImfkuTLMLfQhXhY6_p9g-7J4cL00A3tqhdlNWumJdTHegM8Yw6ErwO-w-y8jJ_vupmay3ZmvCgg4yvcgVXp1kydJNnp/256fx256f',13,3,0,NULL,22),(100,'Dragonfire','https://steamcommunity-a.akamaihd.net/economy/image/-9a81dlWLwJ2UUGcVs_nsVtzdOEdtWwKGZZLQHTxDZ7I56KU0Zwwo4NUX4oFJZEHLbXH5ApeO4YmlhxYQknCRvCo04DEVlxkKgpopamie19f0Ob3Yi5FvISJkJKKkPj6NbLDk1RC68phj9bN_Iv9nBrg80FkZmGgLdKVeg46ZFyC_lPrxO25hZTotZ_OmHphuiNx43aJyUa1n1gSOaKu3f6c/256fx256f',17,6,0,NULL,19),(101,'Stymphalian','https://steamcommunity-a.akamaihd.net/economy/image/-9a81dlWLwJ2UUGcVs_nsVtzdOEdtWwKGZZLQHTxDZ7I56KU0Zwwo4NUX4oFJZEHLbXH5ApeO4YmlhxYQknCRvCo04DEVlxkKgpot6-iFABz7PLddgJR-MW7hIiKm_71PYTTn3lV-_p9g-7J4cKl0ADkqEdpNzvyJ47EcgE8Zl2D-FO7wb_vjZ696sjOzHA1uCdx43_cgVXp1nDtdJ8l/256fx256f',10,5,0,NULL,10),(102,'Primal Saber','https://steamcommunity-a.akamaihd.net/economy/image/-9a81dlWLwJ2UUGcVs_nsVtzdOEdtWwKGZZLQHTxDZ7I56KU0Zwwo4NUX4oFJZEHLbXH5ApeO4YmlhxYQknCRvCo04DEVlxkKgpoo7e1f1Jf0Ob3ZDBSuImJhJKCmvb4ILrTk3lu5Mx2gv2Po9v3jVLt-hJoYG7wINKTdwI7YF6G_FTtxeznjZG9vc_LzHU3uCAm7GGdwUIwVIf-Gg/256fx256f',23,5,0,NULL,20),(103,'Phosphor','https://steamcommunity-a.akamaihd.net/economy/image/-9a81dlWLwJ2UUGcVs_nsVtzdOEdtWwKGZZLQHTxDZ7I56KU0Zwwo4NUX4oFJZEHLbXH5ApeO4YmlhxYQknCRvCo04DEVlxkKgpou6rwOANf1OD3fC0X09qzh5SCgfb4DL_Dn3tu5Mx2gv2P9tukiVLkqkRkZzz2cdXBdFM7NV2G-Ae5wOfphMTpvZjMnHBruXN2sGGdwUKk4NUKRA/256fx256f',24,5,0,NULL,12),(104,'Momentum','https://steamcommunity-a.akamaihd.net/economy/image/-9a81dlWLwJ2UUGcVs_nsVtzdOEdtWwKGZZLQHTxDZ7I56KU0Zwwo4NUX4oFJZEHLbXH5ApeO4YmlhxYQknCRvCo04DEVlxkKgpot6-iFAR17PLddgJP49GzmpSemsj5Nr_Yg2Yf7ZEi2LvDp4mi3wzj8ktkNmqmJYOcJ1c4aQ2E_lnslezphZK0uJTOymwj5HdoPCEggQ/256fx256f',14,5,1,NULL,10),(105,'Damascus Steel','https://steamcommunity-a.akamaihd.net/economy/image/-9a81dlWLwJ2UUGcVs_nsVtzdOEdtWwKGZZLQHTxDZ7I56KU0Zwwo4NUX4oFJZEHLbXH5ApeO4YmlhxYQknCRvCo04DEVlxkKgpovbSsLQJfxPrMfipP7dezhr-KhsjwMrbQhWhE-_pmg-3O4rP5gVO8v11pZDimItXHcwI_MF3Z8wDtwui9gZHutcnNnyRhunYrs3fVn0SygxgacKUx0vWXEzrT/256fx256f',6,6,0,NULL,39),(106,'Aristocrat','https://steamcommunity-a.akamaihd.net/economy/image/-9a81dlWLwJ2UUGcVs_nsVtzdOEdtWwKGZZLQHTxDZ7I56KU0Zwwo4NUX4oFJZEHLbXH5ApeO4YmlhxYQknCRvCo04DEVlxkKgpot6-iFABz7PLddgJD_tWlgI-IhfbgDLfYkWNFppEh2r3F946n2Ffk-BdtMmvyJNDDe1c3aVHW8gXqk-zqhMTo6smdmnR9-n51p3fUIBA/256fx256f',25,4,1,NULL,10),(107,'Oxide Blaze','https://steamcommunity-a.akamaihd.net/economy/image/-9a81dlWLwJ2UUGcVs_nsVtzdOEdtWwKGZZLQHTxDZ7I56KU0Zwwo4NUX4oFJZEHLbXH5ApeO4YmlhxYQknCRvCo04DEVlxkKgposr-kLAtl7PDdTjlH_9mkgL-OlvD4NoTSmXlD58F0hNbN_Iv9nBrhrRc5YTqgJdWcIA48M1iF81m8wurrgMW76s_LmydguSRwtn3VmUThn1gSOZyN_0a1/256fx256f',7,3,1,NULL,2),(108,'Conspiracy','https://steamcommunity-a.akamaihd.net/economy/image/-9a81dlWLwJ2UUGcVs_nsVtzdOEdtWwKGZZLQHTxDZ7I56KU0Zwwo4NUX4oFJZEHLbXH5ApeO4YmlhxYQknCRvCo04DEVlxkKgposr-kLAtl7PDdTjlH7du6kb-KguXxJqjummJW4NE_3e_Aotql3QO3qUNpNWugddSdcA9sNFzU8ge_w-6-0JO4vJrIzCZj7z5iuygmT5QrCQ/256fx256f',3,5,1,NULL,2),(109,'Oceanic','https://steamcommunity-a.akamaihd.net/economy/image/-9a81dlWLwJ2UUGcVs_nsVtzdOEdtWwKGZZLQHTxDZ7I56KU0Zwwo4NUX4oFJZEHLbXH5ApeO4YmlhxYQknCRvCo04DEVlxkKgpou7umeldf0v73fDxBvYyJm4OOlvn9DLPUl31IpsMh2biW9tmk2Azn-0Q_YGulIIeSdwdvaVGC-gC6kLq-1MK06pWfzHR9-n51cgq6Okg/256fx256f',27,3,1,NULL,29),(110,'Desolate Space','https://steamcommunity-a.akamaihd.net/economy/image/-9a81dlWLwJ2UUGcVs_nsVtzdOEdtWwKGZZLQHTxDZ7I56KU0Zwwo4NUX4oFJZEHLbXH5ApeO4YmlhxYQknCRvCo04DEVlxkKgpou-6kejhjxszFJTwW09izh4-HluPxDKjBl2hU18h0juDU-MKt0Fex-kpkMTumJobEdlU7ZFCF-AO4wOnv0Mft752azyRh7CZ2ty2MgVXp1k8SoycS/256fx256f',25,5,0,NULL,5),(111,'Victoria','https://steamcommunity-a.akamaihd.net/economy/image/-9a81dlWLwJ2UUGcVs_nsVtzdOEdtWwKGZZLQHTxDZ7I56KU0Zwwo4NUX4oFJZEHLbXH5ApeO4YmlhxYQknCRvCo04DEVlxkKgpotaDyfgZf0uL3dClB5Nmyq4ORwKLLP7LWnn8fvcNw3eyV89mj3gTkrhU5Mjqmdo-cIw86aQvWrAC7lb3sg5K07Z6bwGwj5HdaraW_tg/256fx256f',39,6,0,NULL,25),(112,'Night Stripe','https://steamcommunity-a.akamaihd.net/economy/image/-9a81dlWLwJ2UUGcVs_nsVtzdOEdtWwKGZZLQHTxDZ7I56KU0Zwwo4NUX4oFJZEHLbXH5ApeO4YmlhxYQknCRvCo04DEVlxkKgpovbSsLQJfwPjNfThW49KJh5C0mf7zO6_CgnlY-MBOhuDG_Zi7iVDi-kY-ZTz7dtDDelc3Yl-GrwW8w7zvhpO_78ucmiAw7iZwsHjfyQv3309VKgWWWw/256fx256f',6,6,0,NULL,41),(113,'Redline','https://steamcommunity-a.akamaihd.net/economy/image/-9a81dlWLwJ2UUGcVs_nsVtzdOEdtWwKGZZLQHTxDZ7I56KU0Zwwo4NUX4oFJZEHLbXH5ApeO4YmlhxYQknCRvCo04DEVlxkKgpot621FAR17PLfYQJB496klb-GkvP9JrafwDMHscYm3eqTo9jwigLg_Ec6azj7JNfAcARtNwnR-ATvx-fq0564uoOJlyV-UZdEjg/256fx256f',30,5,0,NULL,9),(114,'Buzz Kill','https://steamcommunity-a.akamaihd.net/economy/image/-9a81dlWLwJ2UUGcVs_nsVtzdOEdtWwKGZZLQHTxDZ7I56KU0Zwwo4NUX4oFJZEHLbXH5ApeO4YmlhxYQknCRvCo04DEVlxkKgpou-6kejhnwMzFJTwW08-zl5SEhcj5Nr_Yg2Yfu8Ek0-uXrNyh3gbn_0M-YzqmIoLAJFA6M1vU_Fe7lLrrgp6_u52cyGwj5HcviqwPgQ/256fx256f',17,6,0,NULL,5),(115,'★ Stiletto Knife','https://steamcommunity-a.akamaihd.net/economy/image/-9a81dlWLwJ2UUGcVs_nsVtzdOEdtWwKGZZLQHTxDZ7I56KU0Zwwo4NUX4oFJZEHLbXU5A1PIYQh5hlcX0nvUOGsx8DdQBJjIAVHubSaIAlp1fb3YilL4NmigI_FxvbxNb6FlWoB7ZEi2e_CrY-mjg3m_xE9YG_xJo6WJwY4Z16C_we2lfCv28HnEtd6yQ/256fx256f',6,6,0,NULL,42),(116,'Abyss','https://steamcommunity-a.akamaihd.net/economy/image/-9a81dlWLwJ2UUGcVs_nsVtzdOEdtWwKGZZLQHTxDZ7I56KU0Zwwo4NUX4oFJZEHLbXH5ApeO4YmlhxYQknCRvCo04DEVlxkKgpopamie19f0uL3fThU5d2inIGFqPrxN7LEmyVX7pJ12rjEoNr2igDm_EZqMT3wJNeVegA5aQnT_Ve9l---hce47cnB1zI97YmTQpGt/256fx256f',3,3,0,NULL,19),(117,'VariCamo','https://steamcommunity-a.akamaihd.net/economy/image/-9a81dlWLwJ2UUGcVs_nsVtzdOEdtWwKGZZLQHTxDZ7I56KU0Zwwo4NUX4oFJZEHLbXH5ApeO4YmlhxYQknCRvCo04DEVlxkKgposbupIgthwczAaAJU7c6_l4GGmMj5Nr_Yg2YfvZZy2rnDptWs3gDg-xA_NT-hJoOcd1U3aViB_QO_l-ntjZe7tJ7MnGwj5HdA_uNfzg/256fx256f',19,2,0,NULL,17),(118,'Bamboo Garden','https://steamcommunity-a.akamaihd.net/economy/image/-9a81dlWLwJ2UUGcVs_nsVtzdOEdtWwKGZZLQHTxDZ7I56KU0Zwwo4NUX4oFJZEHLbXH5ApeO4YmlhxYQknCRvCo04DEVlxkKgpou6rwOANf2-r3czxP7tO5q5OfmvbmMITdn2xZ_IsgjrmWoN2kigXn8kBqYz3zcY-ScVA2Ml-F-VC4lb3ugp--7Z-bwXNhpGB8sl5swdKn/256fx256f',43,1,0,NULL,12),(119,'Tornado','https://steamcommunity-a.akamaihd.net/economy/image/-9a81dlWLwJ2UUGcVs_nsVtzdOEdtWwKGZZLQHTxDZ7I56KU0Zwwo4NUX4oFJZEHLbXH5ApeO4YmlhxYQknCRvCo04DEVlxkKgposbupIgthwczbfgJW4864lYSEqPv9NLPF2GpX7MQg2L-Xrduj3gW2_EpsZD31LY-WcFA4ZwnU_wW9lOm8jZO5u57XiSw0hVyIK9Y/256fx256f',11,1,0,NULL,17),(120,'Seabird','https://steamcommunity-a.akamaihd.net/economy/image/-9a81dlWLwJ2UUGcVs_nsVtzdOEdtWwKGZZLQHTxDZ7I56KU0Zwwo4NUX4oFJZEHLbXH5ApeO4YmlhxYQknCRvCo04DEVlxkKgpotLO_JAlfwPz3cCxX7eOlgI2KhfTLPr7Vn35cpsMn0-qYpNr03gWyrUFqMmv2JdXAdgE4Zg3SrwS4wO_o15fqu5XNzSF9-n51RBTB-q0/256fx256f',43,1,0,NULL,15),(121,'Snake Camo','https://steamcommunity-a.akamaihd.net/economy/image/-9a81dlWLwJ2UUGcVs_nsVtzdOEdtWwKGZZLQHTxDZ7I56KU0Zwwo4NUX4oFJZEHLbXH5ApeO4YmlhxYQknCRvCo04DEVlxkKgpopbuyLgNv1fX3Yi19_9K3n4W0mvLwOq7c2DoG7ZUk3LGRp9X031a1_BdlZD_wIteTdgJqMlqC_QToxbrsjJPovpzXiSw0DCBvvuY/256fx256f',38,2,0,NULL,21),(122,'Silver','https://steamcommunity-a.akamaihd.net/economy/image/-9a81dlWLwJ2UUGcVs_nsVtzdOEdtWwKGZZLQHTxDZ7I56KU0Zwwo4NUX4oFJZEHLbXH5ApeO4YmlhxYQknCRvCo04DEVlxkKgpou7umeldf0v33YjRO-tmkq4yCkP_gfeiBzjlUsZRz0-_F8Y7xjFftqURuNzj3IIWdcFBrYAyFrFG-l7_q08ei_MOeOloUkcI/256fx256f',44,2,0,NULL,29),(123,'Green Apple','https://steamcommunity-a.akamaihd.net/economy/image/-9a81dlWLwJ2UUGcVs_nsVtzdOEdtWwKGZZLQHTxDZ7I56KU0Zwwo4NUX4oFJZEHLbXH5ApeO4YmlhxYQknCRvCo04DEVlxkKgposem2LFZfwPz3di9H6dKJmImMn-O6YePSwm4GupIk3evEo9ii3wG3-kJtYjigJNOScwI8MFnU_QLvkrzm1oj84srJ8w6n6Q/256fx256f',44,2,0,NULL,37),(124,'Tiger Tooth','https://steamcommunity-a.akamaihd.net/economy/image/-9a81dlWLwJ2UUGcVs_nsVtzdOEdtWwKGZZLQHTxDZ7I56KU0Zwwo4NUX4oFJZEHLbXH5ApeO4YmlhxYQknCRvCo04DEVlxkKgpovbSsLQJf2PLacDBA5ciJlY60g_7zNqnumXlQ5sJ0teXI8oThxlew_hJlN26ndYfDcwNsZFvW-gS2w-u9gsK0vpvIy3Nj6XUl5HjbmxapwUYbPsZKINM/256fx256f',6,6,0,NULL,43),(125,'Vulcan','https://steamcommunity-a.akamaihd.net/economy/image/-9a81dlWLwJ2UUGcVs_nsVtzdOEdtWwKGZZLQHTxDZ7I56KU0Zwwo4NUX4oFJZEHLbXH5ApeO4YmlhxYQknCRvCo04DEVlxkKgpot7HxfDhjxszJemkV086jloKOhcj5Nr_Yg2YfvZcg0rmXrI2n31ex8ks9Zjz2JIKdcVA4ZArRqVm-wLzn1sC8uJnMwWwj5HcoJjKuZA/256fx256f',40,6,0,NULL,8),(126,'Roll Cage','https://steamcommunity-a.akamaihd.net/economy/image/-9a81dlWLwJ2UUGcVs_nsVtzdOEdtWwKGZZLQHTxDZ7I56KU0Zwwo4NUX4oFJZEHLbXH5ApeO4YmlhxYQknCRvCo04DEVlxkKgposLuoKhRf1OD3dzxP7c-JhoGHm-7LO77QgHIf7ZYhiOqXotutiQ23_UZsMT36IYOXdlNoM1qB_le8lO-7gsS96pXAymwj5HczZDkrMQ/256fx256f',37,6,1,NULL,18),(127,'Polymer','https://steamcommunity-a.akamaihd.net/economy/image/-9a81dlWLwJ2UUGcVs_nsVtzdOEdtWwKGZZLQHTxDZ7I56KU0Zwwo4NUX4oFJZEHLbXH5ApeO4YmlhxYQknCRvCo04DEVlxkKgpotaDyfgZf0v73cidUvuO7kr-GkvP9JrafxGkD7pUp3r-U8dX2iQHl-RI9Zmind4aWcwZsYlmB-gDrl-vr0568tYOJlyVmSeTYkA/256fx256f',17,3,0,NULL,25),(128,'Eco','https://steamcommunity-a.akamaihd.net/economy/image/-9a81dlWLwJ2UUGcVs_nsVtzdOEdtWwKGZZLQHTxDZ7I56KU0Zwwo4NUX4oFJZEHLbXH5ApeO4YmlhxYQknCRvCo04DEVlxkKgpotaDyfgZf0Ob3cicVueOzl4-0n_L1JaKfwztXuJR1i7yRpImk3VLhrhE9MT2hdoWScwc4ZQ6C_ge9wOzmgsW46YOJlyX-1jD_KA/256fx256f',29,4,0,NULL,25),(129,'Aloha','https://steamcommunity-a.akamaihd.net/economy/image/-9a81dlWLwJ2UUGcVs_nsVtzdOEdtWwKGZZLQHTxDZ7I56KU0Zwwo4NUX4oFJZEHLbXH5ApeO4YmlhxYQknCRvCo04DEVlxkKgpopb3wflFfwOP3YjoXv4-JlYyEn_bLP7LWnn8fuJZwi7GXptqt2FW2-UFuYGDxINfAe1VsNFCC_Ve4w7_ngcDuvZvLmmwj5Hc11_x0mg/256fx256f',10,3,0,NULL,26),(130,'High Beam','https://steamcommunity-a.akamaihd.net/economy/image/-9a81dlWLwJ2UUGcVs_nsVtzdOEdtWwKGZZLQHTxDZ7I56KU0Zwwo4NUX4oFJZEHLbXH5ApeO4YmlhxYQknCRvCo04DEVlxkKgposbaqKAxf0vL3ZzhQ-NWxm7-Jm-LxDLfYkWNFppV33uiS8I-t31K1rUJrMTv7IYOSI1c9M13Xq1i3x-7p1MW-uM7NzSd9-n51CmsDOd4/256fx256f',45,2,0,NULL,3),(131,'Rangeen','https://steamcommunity-a.akamaihd.net/economy/image/-9a81dlWLwJ2UUGcVs_nsVtzdOEdtWwKGZZLQHTxDZ7I56KU0Zwwo4NUX4oFJZEHLbXH5ApeO4YmlhxYQknCRvCo04DEVlxkKgpou7umeldf0Ob3fDxBvYyJlYyOnP_tMoTVg2Ru5Mx2gv2Pot2i2w3k-xJqMW72d9PAcAM-MF3V-1i5xebs1sTtv87Jy3Jn6Ckn4GGdwULdgwFDrg/256fx256f',20,3,0,NULL,29),(132,'Necropos','https://steamcommunity-a.akamaihd.net/economy/image/-9a81dlWLwJ2UUGcVs_nsVtzdOEdtWwKGZZLQHTxDZ7I56KU0Zwwo4NUX4oFJZEHLbXH5ApeO4YmlhxYQknCRvCo04DEVlxkKgpopamie19f0Ob3Yi5FvISJmoWIhfjkPKjummJW4NE_ie2T89-niVXk-EdlNj2gddKWI1NoMA3Y-gO7wee51pO1up-YyyBguj5iuygJJGQRng/256fx256f',9,3,0,NULL,19),(133,'Full Stop','https://steamcommunity-a.akamaihd.net/economy/image/-9a81dlWLwJ2UUGcVs_nsVtzdOEdtWwKGZZLQHTxDZ7I56KU0Zwwo4NUX4oFJZEHLbXH5ApeO4YmlhxYQknCRvCo04DEVlxkKgpou6ryFA957OXJYzRB7dG5q5KOk8j4OrzZgiUGuZQh0rCU8dz0jAXi-UVlYWClJ4CUdw82M1-G-FG_kOu605W7vJyY1zI97f93MsQX/256fx256f',4,3,0,NULL,13),(134,'Frontside Misty','https://steamcommunity-a.akamaihd.net/economy/image/-9a81dlWLwJ2UUGcVs_nsVtzdOEdtWwKGZZLQHTxDZ7I56KU0Zwwo4NUX4oFJZEHLbXH5ApeO4YmlhxYQknCRvCo04DEVlxkKgpot7HxfDhjxszJemkV08u_mpSOhcjnI7TDglRZ7cRnk6fA9Ijx2QPnrhJsaj2iItPEe1A8YAqF_QPvxe-61J69v8uayXAy7Clw-z-DyOCcOR69/256fx256f',20,5,0,NULL,8),(135,'Safety Net','https://steamcommunity-a.akamaihd.net/economy/image/-9a81dlWLwJ2UUGcVs_nsVtzdOEdtWwKGZZLQHTxDZ7I56KU0Zwwo4NUX4oFJZEHLbXH5ApeO4YmlhxYQknCRvCo04DEVlxkKgpot7HxfDhoyszFdC5K08-3koWfjvjmMrXWk1RZ7cRnk6eRoo6m2Qzi_kdkZmz0J4OXdVc2NwuG-lDslL3thMK5uJnOnSdq6Shz-z-DyDiL63VN/256fx256f',45,4,0,NULL,8),(136,'Blue Laminate','https://steamcommunity-a.akamaihd.net/economy/image/-9a81dlWLwJ2UUGcVs_nsVtzdOEdtWwKGZZLQHTxDZ7I56KU0Zwwo4NUX4oFJZEHLbXH5ApeO4YmlhxYQknCRvCo04DEVlxkKgpot7HxfDhoyszJemkV4N27q4KHgvLLPr7Vn35cppJ02uyUrI2h3wDkrkFsZz-gLdXHIA87MFjTqFm-wevvjcC0tZrPnXp9-n51Y5J6evE/256fx256f',46,4,0,NULL,8),(137,'Praetorian','https://steamcommunity-a.akamaihd.net/economy/image/-9a81dlWLwJ2UUGcVs_nsVtzdOEdtWwKGZZLQHTxDZ7I56KU0Zwwo4NUX4oFJZEHLbXH5ApeO4YmlhxYQknCRvCo04DEVlxkKgpou7uifDhnwMzFcDoV08yklYWfmOX9MrXum25V4dB8xL6Y89333AzgrhFoYm36INSVcVU8Yw3X-1O6xLrmhce76J3Am3dn7Cg8pSGK25lWOzo/256fx256f',9,4,0,NULL,24),(138,'Commemoration','https://steamcommunity-a.akamaihd.net/economy/image/-9a81dlWLwJ2UUGcVs_nsVtzdOEdtWwKGZZLQHTxDZ7I56KU0Zwwo4NUX4oFJZEHLbXH5ApeO4YmlhxYQknCRvCo04DEVlxkKgposLuoKhRf1OD3dzxP7c-JmIWMlvTtDLzemm9u5Mx2gv2Pptil2Qfs80c_YmvxI4DBc1U2YguFqFXrkOe5156_uJ_BnSRjuCkg5WGdwUI61aG_dA/256fx256f',13,6,0,NULL,18),(139,'Freehand','https://steamcommunity-a.akamaihd.net/economy/image/-9a81dlWLwJ2UUGcVs_nsVtzdOEdtWwKGZZLQHTxDZ7I56KU0Zwwo4NUX4oFJZEHLbXH5ApeO4YmlhxYQknCRvCo04DEVlxkKgpotLu8JAllx8zJfAJP7c69kYS0gufLPr7Vn35cppwg3ezHpY322lbn-hY4MjrxIIXGI1A3YQ6C-FO4ybrthJC7vcjAznd9-n51AdwphhE/256fx256f',6,6,0,NULL,6),(140,'Angry Mob','https://steamcommunity-a.akamaihd.net/economy/image/-9a81dlWLwJ2UUGcVs_nsVtzdOEdtWwKGZZLQHTxDZ7I56KU0Zwwo4NUX4oFJZEHLbXH5ApeO4YmlhxYQknCRvCo04DEVlxkKgposLOzLhRlxfbGTj5X09q_goW0hPLiNrXul2VW-txOhuDG_Zi73QDt80U5a2_yI47AcgI4YwzT_gfrxua9g8S7vpvLwHBruyMn4X6Lmgv3309_I5Y_Wg/256fx256f',14,6,1,NULL,36),(141,'Stained','https://steamcommunity-a.akamaihd.net/economy/image/-9a81dlWLwJ2UUGcVs_nsVtzdOEdtWwKGZZLQHTxDZ7I56KU0Zwwo4NUX4oFJZEHLbXH5ApeO4YmlhxYQknCRvCo04DEVlxkKgpovbSsLQJf0ODbTjxT09q5hoOOk8j4OrzZgiUG7pMmjOzCotmm0QDi_UU5ZT2lItfEelc9YAmB_li8lerqgZbq75TN1zI97Sk8PhOw/256fx256f',6,6,0,NULL,7),(142,'Isaac','https://steamcommunity-a.akamaihd.net/economy/image/-9a81dlWLwJ2UUGcVs_nsVtzdOEdtWwKGZZLQHTxDZ7I56KU0Zwwo4NUX4oFJZEHLbXH5ApeO4YmlhxYQknCRvCo04DEVlxkKgpoor-mcjhjxszcdD4b092lnYmGmOHLO77QgHIfsMcni77FptuijVDj_0JuamqidYTHI1dvM1iFrATrxLvq1sK0tcmbwWwj5HdybmdUPw/256fx256f',40,3,0,NULL,14),(143,'Atlas','https://steamcommunity-a.akamaihd.net/economy/image/-9a81dlWLwJ2UUGcVs_nsVtzdOEdtWwKGZZLQHTxDZ7I56KU0Zwwo4NUX4oFJZEHLbXH5ApeO4YmlhxYQknCRvCo04DEVlxkKgpopb3wflFf0Ob3YjoXuY-JlZSHluTLP7LWnn8fvZYn2LiZ89Sk3gTg80Y6MmDxI9OUe1BvYV6GrwXvlOrs0Z_vvJmcz2wj5HeM9iqsXg/256fx256f',23,3,1,NULL,26),(144,'See Ya Later','https://steamcommunity-a.akamaihd.net/economy/image/-9a81dlWLwJ2UUGcVs_nsVtzdOEdtWwKGZZLQHTxDZ7I56KU0Zwwo4NUX4oFJZEHLbXH5ApeO4YmlhxYQknCRvCo04DEVlxkKgpopujwezhjxszYI2gS09-vloWZlOX7MITdn2xZ_Isi07_F8N3x3Qfj8kQ6a2H0IdKXdgRqYA2C-VLqxLznhMLv6Z-bm3o2pGB8sr9Yt3dq/256fx256f',27,6,0,NULL,28);
/*!40000 ALTER TABLE `skin` ENABLE KEYS */;
UNLOCK TABLES;

--
-- Table structure for table `skin_rarity`
--

DROP TABLE IF EXISTS `skin_rarity`;
/*!40101 SET @saved_cs_client     = @@character_set_client */;
/*!50503 SET character_set_client = utf8mb4 */;
CREATE TABLE `skin_rarity` (
  `id` int(11) NOT NULL AUTO_INCREMENT,
  `name` varchar(45) DEFAULT NULL,
  PRIMARY KEY (`id`)
) ENGINE=InnoDB AUTO_INCREMENT=8 DEFAULT CHARSET=utf8;
/*!40101 SET character_set_client = @saved_cs_client */;

--
-- Dumping data for table `skin_rarity`
--

LOCK TABLES `skin_rarity` WRITE;
/*!40000 ALTER TABLE `skin_rarity` DISABLE KEYS */;
INSERT INTO `skin_rarity` VALUES (0,'Unknown'),(1,'Consumer Grade'),(2,'Industrial Grade'),(3,'Mil-Spec Grade'),(4,'Restricted'),(5,'Classified'),(6,'Covert'),(7,'Contraband');
/*!40000 ALTER TABLE `skin_rarity` ENABLE KEYS */;
UNLOCK TABLES;

--
-- Table structure for table `skin_sell_order`
--

DROP TABLE IF EXISTS `skin_sell_order`;
/*!40101 SET @saved_cs_client     = @@character_set_client */;
/*!50503 SET character_set_client = utf8mb4 */;
CREATE TABLE `skin_sell_order` (
  `name` varchar(255) NOT NULL,
  `market_name` varchar(45) DEFAULT NULL,
  `item_state` int(11) DEFAULT NULL,
  `price` float DEFAULT NULL,
  `recommanded_price` float DEFAULT NULL,
  `id` int(11) NOT NULL AUTO_INCREMENT,
  `skin` int(11) DEFAULT NULL,
  `dumb_item` int(11) DEFAULT NULL,
  `item_type` int(11) DEFAULT NULL,
  PRIMARY KEY (`id`),
  UNIQUE KEY `sell_order_id_UNIQUE` (`id`),
  KEY `fk_state_idx` (`item_state`),
  KEY `fk_skin_idx` (`skin`),
  KEY `fk_item_type_idx` (`item_type`),
  CONSTRAINT `fk_item_state` FOREIGN KEY (`item_state`) REFERENCES `skin_state` (`id`),
  CONSTRAINT `fk_skin` FOREIGN KEY (`skin`) REFERENCES `skin` (`id`),
  CONSTRAINT `fk_skin_sell_order_to_item_type` FOREIGN KEY (`item_type`) REFERENCES `item_type` (`id`)
) ENGINE=InnoDB AUTO_INCREMENT=247 DEFAULT CHARSET=utf8;
/*!40101 SET character_set_client = @saved_cs_client */;

--
-- Dumping data for table `skin_sell_order`
--

LOCK TABLES `skin_sell_order` WRITE;
/*!40000 ALTER TABLE `skin_sell_order` DISABLE KEYS */;
INSERT INTO `skin_sell_order` VALUES ('NULL_SKIN_SELL_ORDER',NULL,NULL,NULL,NULL,1,NULL,NULL,NULL),('18865409247BSL2052601254','Desert Eagle | Midnight Storm (Minimal Wear)',4,4.49,4.09,2,NULL,NULL,NULL),('18866575420BSL2052836492','StatTrak™ Glock-18 | Water Elemental (Minimal',4,28.49,28.77,3,NULL,NULL,NULL),('18866660608BSL2052879306','M4A1-S | Hot Rod (Factory New)',5,129.99,99.84,4,NULL,NULL,NULL),('18866990707BSL2052899256','M4A4 | 龍王 (Dragon King) (Battle-Scarred)',1,9.12,8.91,5,NULL,NULL,NULL),('18867860103','★ Bayonet | Boreal Forest (Minimal Wear)',4,164,163.42,6,NULL,NULL,NULL),('18867863487','★ Classic Knife | Boreal Forest (Battle-Scarr',1,96,119.09,7,NULL,NULL,NULL),('18867865463','AK-47 | Bloodsport (Field-Tested)',3,39.99,46.67,8,NULL,NULL,NULL),('18867865445','AWP | Hyper Beast (Field-Tested)',3,25,29.27,9,NULL,NULL,NULL),('18867865436','AK-47 | Fuel Injector (Battle-Scarred)',1,32,34.92,10,NULL,NULL,NULL),('18867868776','AWP | Fever Dream (Minimal Wear)',4,4.66,6.99,11,NULL,NULL,NULL),('18867866227','M4A4 | Neo-Noir (Field-Tested)',3,20,26.29,12,NULL,NULL,NULL),('18867866169','AUG | Flame Jörmungandr (Minimal Wear)',4,50,54.81,13,NULL,NULL,NULL),('18867872800','AWP | Containment Breach (Field-Tested)',3,29.99,43.35,14,NULL,NULL,NULL),('18866904759BSL2052890192','AK-47 | Elite Build (Field-Tested)',3,1.41,2.39,15,NULL,NULL,NULL),('18867879080','★ Flip Knife | Lore (Minimal Wear)',4,300,336.23,16,NULL,NULL,NULL),('18867883228','★ Flip Knife | Fade (Factory New)',5,250,312.73,17,NULL,NULL,NULL),('18867896712','StatTrak™ MP5-SD | Agent (Factory New)',5,9.58,11.37,18,NULL,NULL,NULL),('18867896662','StatTrak™ MP7 | Nemesis (Factory New)',5,24.99,25.09,19,NULL,NULL,NULL),('18867896609','StatTrak™ Tec-9 | Bamboozle (Factory New)',5,3.03,4.37,20,NULL,NULL,NULL),('18867918467','AWP | Atheris (Field-Tested)',3,3.3,4.41,21,NULL,NULL,NULL),('18867918698','PP-Bizon | Facility Sketch (Factory New)',5,0.07,0.07,22,NULL,NULL,NULL),('18867918638','P2000 | Granite Marbleized (Field-Tested)',3,0.06,0.06,23,NULL,NULL,NULL),('18867918603','Galil AR | Black Sand (Field-Tested)',3,0.11,0.11,24,NULL,NULL,NULL),('18867918585','FAMAS | Cyanospatter (Field-Tested)',3,0.06,0.06,25,NULL,NULL,NULL),('18867918567','SSG 08 | Blue Spruce (Minimal Wear)',4,0.06,0.06,26,NULL,NULL,NULL),('18867918537','PP-Bizon | Night Ops (Field-Tested)',3,0.06,0.06,27,NULL,NULL,NULL),('18867918477','UMP-45 | Scaffold (Field-Tested)',3,0.5,0.5,28,NULL,NULL,NULL),('18867918382','Sawed-Off | Origami (Field-Tested)',3,0.11,0.11,29,NULL,NULL,NULL),('18867918332','MP7 | Cirrus (Minimal Wear)',4,0.21,0.21,30,NULL,NULL,NULL),('18867918297','Dual Berettas | Dualing Dragons (Field-Tested',3,0.21,0.21,31,NULL,NULL,NULL),('18866523479BSL2052829694','AK-47 | Case Hardened (Battle-Scarred)',1,45,22.31,32,NULL,NULL,NULL),('18867941768','USP-S | Neo-Noir (Field-Tested)',3,20.85,23.11,33,NULL,NULL,NULL),('18867941727','USP-S | Neo-Noir (Field-Tested)',3,20.85,23.11,34,NULL,NULL,NULL),('18867941709','USP-S | Neo-Noir (Field-Tested)',3,20.85,23.11,35,NULL,NULL,NULL),('18867796008BSL2053004207','StatTrak™ M4A4 | Evil Daimyo (Minimal Wear)',4,12.99,14.21,36,NULL,NULL,NULL),('18867994549','StatTrak™ MAG-7 | Justice (Field-Tested)',3,10.4,10.44,37,NULL,NULL,NULL),('18867996189','StatTrak™ M4A1-S | Decimator (Field-Tested)',3,10.36,12.84,38,NULL,NULL,NULL),('18867996139','CZ75-Auto | Xiangliu (Minimal Wear)',4,4.51,5.63,39,NULL,NULL,NULL),('18867996112','MP7 | Nemesis (Factory New)',5,5.42,6.73,40,NULL,NULL,NULL),('18867996075','PP-Bizon | Judgement of Anubis (Factory New)',5,9.85,11.87,41,NULL,NULL,NULL),('18867996028','CZ75-Auto | Xiangliu (Factory New)',5,5.75,7.12,42,NULL,NULL,NULL),('18867995993','AK-47 | Phantom Disruptor (Field-Tested)',3,10.35,13.56,43,NULL,NULL,NULL),('18867995922','Clutch Case Key',5,4.74,2.61,44,NULL,NULL,NULL),('18867995852','Clutch Case Key',5,4.74,2.61,45,NULL,NULL,NULL),('18867995797','M4A4 | The Battlestar (Field-Tested)',3,6.69,4.55,46,NULL,NULL,NULL),('18868005533','StatTrak™ AWP | Neo-Noir (Factory New)',5,98,168.74,47,NULL,NULL,NULL),('18868005441','StatTrak™ USP-S | Neo-Noir (Minimal Wear)',4,92,107.43,48,NULL,NULL,NULL),('18868005422','StatTrak™ Desert Eagle | Light Rail (Factory ',5,14.75,20.04,49,NULL,NULL,NULL),('18868005396','StatTrak™ M4A1-S | Mecha Industries (Minimal ',4,54,63.66,50,NULL,NULL,NULL),('18868005366','StatTrak™ Tec-9 | Avalanche (Factory New)',5,10.75,15.7,51,NULL,NULL,NULL),('18868005321','StatTrak™ Glock-18 | Royal Legion (Factory Ne',5,20.75,29.12,52,NULL,NULL,NULL),('18868005294','StatTrak™ SG 553 | Phantom (Factory New)',5,3.82,11.76,53,NULL,NULL,NULL),('18868005246','StatTrak™ P2000 | Imperial (Factory New)',5,1.7,2.91,54,NULL,NULL,NULL),('18868005199','StatTrak™ AUG | Triqua (Factory New)',5,2.1,5.45,55,NULL,NULL,NULL),('18868005169','StatTrak™ FAMAS | Mecha Industries (Factory N',5,13,18.88,56,NULL,NULL,NULL),('18868005064','StatTrak™ CZ75-Auto | Red Astor (Factory New)',5,7.48,11.92,57,NULL,NULL,NULL),('18868004970','★ Butterfly Knife | Doppler (Factory New)',5,890,493,58,NULL,NULL,NULL),('18868004929','StatTrak™ SSG 08 | Ghost Crusader (Factory Ne',5,15,19.27,59,NULL,NULL,NULL),('18868004862','StatTrak™ P250 | Cartel (Minimal Wear)',4,15,16.42,60,NULL,NULL,NULL),('18866070728BSL2052802427','MAC-10 | Whitefish (Minimal Wear)',4,0.36,0.28,61,NULL,NULL,NULL),('18868017145','★ Falchion Knife | Crimson Web (Minimal Wear)',4,165,206.53,62,NULL,NULL,NULL),('18866990686BSL2053046407','AWP | Hyper Beast (Minimal Wear)',4,30.98,43.75,63,NULL,NULL,NULL),('18868028441','Sealed Graffiti | Crown',5,2.52,2.64,64,NULL,NULL,NULL),('18868028312','Bravo Pin',5,6.9,7.51,65,NULL,NULL,NULL),('18868028277','Sealed Graffiti | Crown',5,2.52,2.64,66,NULL,NULL,NULL),('18868090675','AUG | Condemned (Field-Tested)',3,0.04,0.06,67,NULL,NULL,NULL),('18868090614','XM1014 | CaliCamo (Minimal Wear)',4,0.05,0.07,68,NULL,NULL,NULL),('18868090103','SSG 08 | Ghost Crusader (Minimal Wear)',4,1.49,2.29,69,NULL,NULL,NULL),('18868088965','USP-S | Cortex (Minimal Wear)',4,6.35,9.77,70,NULL,NULL,NULL),('18868088872','StatTrak™ SG 553 | Phantom (Field-Tested)',3,2.01,3.09,71,NULL,NULL,NULL),('18868088663','Sealed Graffiti | Question Mark (War Pig Pink',5,0.03,0.03,72,NULL,NULL,NULL),('18868088537','Sealed Graffiti | Chef Kiss (Brick Red)',5,0.02,0.03,73,NULL,NULL,NULL),('18868088502','Sealed Graffiti | Oops (Monster Purple)',5,0.03,0.04,74,NULL,NULL,NULL),('18868088473','Sealed Graffiti | Thoughtfull (Blood Red)',5,0.03,0.04,75,NULL,NULL,NULL),('18868088222','Sealed Graffiti | Oops (Dust Brown)',5,0.02,0.03,76,NULL,NULL,NULL),('18868087992','Sealed Graffiti | Hop (Bazooka Pink)',5,0.14,0.18,77,NULL,NULL,NULL),('18868087913','Sealed Graffiti | NT (Frog Green)',5,0.02,0.03,78,NULL,NULL,NULL),('18868089775BSL2053055863','M4A4 | The Emperor (Field-Tested)',3,31,36.3,79,NULL,NULL,NULL),('18868089074BSL2053055984','UMP-45 | Exposure (Minimal Wear)',4,0.41,0.57,80,NULL,NULL,NULL),('18868129846','Desert Eagle | Blue Ply (Minimal Wear)',4,0.52,0.67,81,NULL,NULL,NULL),('18868129814','AK-47 | Uncharted (Field-Tested)',3,0.4,0.73,82,NULL,NULL,NULL),('18868017051BSL2053047956','StatTrak™ MP9 | Bioleak (Minimal Wear)',4,0.9,0.64,83,NULL,NULL,NULL),('18868090483BSL2053058826','StatTrak™ Glock-18 | Water Elemental (Minimal',4,28.49,28.77,84,NULL,NULL,NULL),('18868089864BSL2053055852','StatTrak™ MP9 | Capillary (Minimal Wear)',4,0.88,0.77,85,NULL,NULL,NULL),('18868173738','★ M9 Bayonet | Case Hardened (Field-Tested)',3,250,243.35,86,NULL,NULL,NULL),('18868178539','Glock-18 | Wasteland Rebel (Minimal Wear)',4,6.94,10.71,87,NULL,NULL,NULL),('18868178484','MAC-10 | Neon Rider (Minimal Wear)',4,6.39,8.75,88,NULL,NULL,NULL),('18868178382','StatTrak™ FAMAS | Pulse (Factory New)',5,9.49,11.31,89,NULL,NULL,NULL),('18868178335',NULL,NULL,NULL,NULL,90,NULL,NULL,NULL),('18868178272',NULL,NULL,NULL,NULL,91,NULL,NULL,NULL),('18868178212',NULL,NULL,NULL,NULL,92,NULL,NULL,NULL),('18868181913',NULL,NULL,NULL,NULL,93,NULL,NULL,NULL),('18868185580',NULL,NULL,NULL,NULL,94,NULL,NULL,NULL),('18868185512',NULL,NULL,NULL,NULL,95,NULL,NULL,NULL),('18868185338',NULL,NULL,NULL,NULL,96,NULL,NULL,NULL),('18868185176',NULL,NULL,NULL,NULL,97,NULL,NULL,NULL),('18868185108',NULL,NULL,NULL,NULL,98,NULL,NULL,NULL),('18868184931',NULL,NULL,NULL,NULL,99,NULL,NULL,NULL),('18868184872',NULL,NULL,NULL,NULL,100,NULL,NULL,NULL),('18868184680',NULL,NULL,NULL,NULL,101,NULL,NULL,NULL),('18868184397',NULL,NULL,NULL,NULL,102,NULL,NULL,NULL),('18868184165',NULL,NULL,NULL,NULL,103,NULL,NULL,NULL),('18868183909',NULL,NULL,NULL,NULL,104,NULL,NULL,NULL),('18868183870',NULL,NULL,NULL,NULL,105,NULL,NULL,NULL),('18868183767',NULL,NULL,NULL,NULL,106,NULL,NULL,NULL),('18868183433',NULL,NULL,NULL,NULL,107,NULL,NULL,NULL),('18868183207',NULL,NULL,NULL,NULL,108,NULL,NULL,NULL),('18868183140',NULL,NULL,NULL,NULL,109,NULL,NULL,NULL),('18868183066',NULL,NULL,NULL,NULL,110,NULL,NULL,NULL),('18868185289',NULL,NULL,NULL,NULL,111,NULL,NULL,NULL),('18868189422',NULL,NULL,NULL,NULL,112,NULL,NULL,NULL),('18868210775BSL2053067602',NULL,NULL,NULL,NULL,113,NULL,NULL,NULL),('18868256342',NULL,NULL,NULL,NULL,114,NULL,NULL,NULL),('18868183511BSL2053064168',NULL,NULL,NULL,NULL,115,NULL,NULL,NULL),('18866370055BSL2052866458',NULL,NULL,NULL,NULL,116,NULL,NULL,NULL),('18866370578BSL2052866799',NULL,NULL,NULL,NULL,117,NULL,NULL,NULL),('18866370677BSL2052866359',NULL,NULL,NULL,NULL,118,NULL,NULL,NULL),('18866371197BSL2052875643',NULL,NULL,NULL,NULL,119,NULL,NULL,NULL),('18866372466BSL2052866953',NULL,NULL,NULL,NULL,120,NULL,NULL,NULL),('18866715561BSL2052856182',NULL,NULL,NULL,NULL,121,NULL,NULL,NULL),('18866809750BSL2052874539',NULL,NULL,NULL,NULL,122,NULL,NULL,NULL),('18866809924BSL2052874484',NULL,NULL,NULL,NULL,123,NULL,NULL,NULL),('18866990988BSL2052899135',NULL,NULL,NULL,NULL,124,NULL,NULL,NULL),('18868089395BSL2053055918',NULL,NULL,NULL,NULL,125,NULL,NULL,NULL),('18866808653BSL2052875001',NULL,NULL,NULL,NULL,126,NULL,NULL,NULL),('18868303435',NULL,NULL,NULL,NULL,127,NULL,NULL,NULL),('18866523365BSL2052829760',NULL,NULL,NULL,NULL,128,NULL,NULL,NULL),('18866522818BSL2052830450',NULL,NULL,NULL,NULL,129,NULL,NULL,NULL),('18866522770BSL2052828297',NULL,NULL,NULL,NULL,130,NULL,NULL,NULL),('18866522874BSL2052829584',NULL,NULL,NULL,NULL,131,NULL,NULL,NULL),('18868316906',NULL,NULL,NULL,NULL,132,NULL,NULL,NULL),('18868316879',NULL,NULL,NULL,NULL,133,NULL,NULL,NULL),('18868316851',NULL,NULL,NULL,NULL,134,NULL,NULL,NULL),('18868316827',NULL,NULL,NULL,NULL,135,NULL,NULL,NULL),('18868316786',NULL,NULL,NULL,NULL,136,NULL,NULL,NULL),('18866519440BSL2052827107',NULL,NULL,NULL,NULL,137,NULL,NULL,NULL),('18868223994BSL2053070451',NULL,NULL,NULL,NULL,138,NULL,NULL,NULL),('18868325901',NULL,NULL,NULL,NULL,139,NULL,NULL,NULL),('18868325763',NULL,NULL,NULL,NULL,140,NULL,NULL,NULL),('18868332008',NULL,NULL,NULL,NULL,141,NULL,NULL,NULL),('18868303404BSL2053093791',NULL,NULL,NULL,NULL,142,NULL,NULL,NULL),('18868303377BSL2053093802',NULL,NULL,NULL,NULL,143,NULL,NULL,NULL),('18868337424',NULL,NULL,NULL,NULL,144,NULL,NULL,NULL),('18868337045',NULL,NULL,NULL,NULL,145,NULL,NULL,NULL),('18868337004',NULL,NULL,NULL,NULL,146,NULL,NULL,NULL),('18868337988',NULL,NULL,NULL,NULL,147,NULL,NULL,NULL),('18868364302',NULL,NULL,NULL,NULL,148,NULL,NULL,NULL),('18868364120',NULL,NULL,NULL,NULL,149,NULL,NULL,NULL),('18868363947',NULL,NULL,NULL,NULL,150,NULL,NULL,NULL),('18868363747',NULL,NULL,NULL,NULL,151,NULL,NULL,NULL),('18868363709',NULL,NULL,NULL,NULL,152,NULL,NULL,NULL),('18868363575',NULL,NULL,NULL,NULL,153,NULL,NULL,NULL),('18868365924',NULL,NULL,NULL,NULL,154,NULL,NULL,NULL),('18868363568',NULL,NULL,NULL,NULL,155,NULL,NULL,NULL),('18868363521',NULL,NULL,NULL,NULL,156,NULL,NULL,NULL),('18868364212BSL2053103338',NULL,NULL,NULL,NULL,157,NULL,NULL,NULL),('18868363818BSL2053103437',NULL,NULL,NULL,NULL,158,NULL,NULL,NULL),('18868383683',NULL,NULL,NULL,NULL,159,NULL,NULL,NULL),('18866990958BSL2052899146',NULL,NULL,NULL,NULL,160,NULL,NULL,NULL),('18868402791',NULL,NULL,NULL,NULL,161,NULL,NULL,NULL),('18868325858BSL2053098146',NULL,NULL,NULL,NULL,162,NULL,NULL,NULL),('18866991386BSL2053048860',NULL,NULL,NULL,NULL,163,NULL,NULL,NULL),('18868363855BSL2053103426',NULL,NULL,NULL,NULL,164,NULL,NULL,NULL),('18868364177BSL2053103349',NULL,NULL,NULL,NULL,165,NULL,NULL,NULL),('18868440190',NULL,NULL,NULL,NULL,166,NULL,NULL,NULL),('18868185394BSL2053063607',NULL,NULL,NULL,NULL,167,NULL,NULL,NULL),('18868363454BSL2053103558',NULL,NULL,NULL,NULL,168,NULL,NULL,NULL),('18868184346BSL2053063948',NULL,NULL,NULL,NULL,169,NULL,NULL,NULL),('18868455128',NULL,NULL,NULL,NULL,170,NULL,NULL,NULL),('18866710064BSL2052855310',NULL,NULL,NULL,NULL,171,NULL,NULL,NULL),('18866070498BSL2052727097',NULL,NULL,NULL,NULL,172,NULL,NULL,NULL),('18868486388',NULL,NULL,NULL,NULL,173,NULL,NULL,NULL),('18868489373',NULL,NULL,NULL,NULL,174,NULL,NULL,NULL),('18867419949BSL2052949756',NULL,NULL,NULL,NULL,175,NULL,NULL,NULL),('18866523421BSL2052830143',NULL,NULL,NULL,NULL,176,NULL,NULL,NULL),('18868534450',NULL,NULL,NULL,NULL,177,NULL,NULL,NULL),('18868534430',NULL,NULL,NULL,NULL,178,NULL,NULL,NULL),('18868534409',NULL,NULL,NULL,NULL,179,NULL,NULL,NULL),('18868534387',NULL,NULL,NULL,NULL,180,NULL,NULL,NULL),('18868534357',NULL,NULL,NULL,NULL,181,NULL,NULL,NULL),('18868533530',NULL,NULL,NULL,NULL,182,NULL,NULL,NULL),('18868539056',NULL,NULL,NULL,NULL,183,NULL,NULL,NULL),('18868538958',NULL,NULL,NULL,NULL,184,NULL,NULL,NULL),('18868090000BSL2053055830',NULL,NULL,NULL,NULL,185,NULL,NULL,NULL),('18868016693BSL2053048033',NULL,NULL,NULL,NULL,186,NULL,NULL,NULL),('18868184632BSL2053109448',NULL,NULL,NULL,NULL,187,NULL,NULL,NULL),('18868560237',NULL,NULL,NULL,NULL,188,NULL,NULL,NULL),('18868560144',NULL,NULL,NULL,NULL,189,NULL,NULL,NULL),('18868560049',NULL,NULL,NULL,NULL,190,NULL,NULL,NULL),('18868560024',NULL,NULL,NULL,NULL,191,NULL,NULL,NULL),('18868559986',NULL,NULL,NULL,NULL,192,NULL,NULL,NULL),('18868559928',NULL,NULL,NULL,NULL,193,NULL,NULL,NULL),('18868559913',NULL,NULL,NULL,NULL,194,NULL,NULL,NULL),('18868559820',NULL,NULL,NULL,NULL,195,NULL,NULL,NULL),('18868559799',NULL,NULL,NULL,NULL,196,NULL,NULL,NULL),('18868559724',NULL,NULL,NULL,NULL,197,NULL,NULL,NULL),('18868559513',NULL,NULL,NULL,NULL,198,NULL,NULL,NULL),('18868559441',NULL,NULL,NULL,NULL,199,NULL,NULL,NULL),('18868559417',NULL,NULL,NULL,NULL,200,NULL,NULL,NULL),('18868559384',NULL,NULL,NULL,NULL,201,NULL,NULL,NULL),('18868559300',NULL,NULL,NULL,NULL,202,NULL,NULL,NULL),('18868564898',NULL,NULL,NULL,NULL,203,NULL,NULL,NULL),('18868564859',NULL,NULL,NULL,NULL,204,NULL,NULL,NULL),('18868564838',NULL,NULL,NULL,NULL,205,NULL,NULL,NULL),('18868564815',NULL,NULL,NULL,NULL,206,NULL,NULL,NULL),('18868564778',NULL,NULL,NULL,NULL,207,NULL,NULL,NULL),('18868564741',NULL,NULL,NULL,NULL,208,NULL,NULL,NULL),('18868564653',NULL,NULL,NULL,NULL,209,NULL,NULL,NULL),('18868565536',NULL,NULL,NULL,NULL,210,NULL,NULL,NULL),('18868565481',NULL,NULL,NULL,NULL,211,NULL,NULL,NULL),('18868565415',NULL,NULL,NULL,NULL,212,NULL,NULL,NULL),('18868565383',NULL,NULL,NULL,NULL,213,NULL,NULL,NULL),('18868565353',NULL,NULL,NULL,NULL,214,NULL,NULL,NULL),('18868565093',NULL,NULL,NULL,NULL,215,NULL,NULL,NULL),('18868564921',NULL,NULL,NULL,NULL,216,NULL,NULL,NULL),('18868564828',NULL,NULL,NULL,NULL,217,NULL,NULL,NULL),('18868564580',NULL,NULL,NULL,NULL,218,NULL,NULL,NULL),('18868564318',NULL,NULL,NULL,NULL,219,NULL,NULL,NULL),('18868564048',NULL,NULL,NULL,NULL,220,NULL,NULL,NULL),('18868569876',NULL,NULL,NULL,NULL,221,NULL,NULL,NULL),('18868184364BSL2053063937',NULL,NULL,NULL,NULL,222,NULL,NULL,NULL),('18868052392BSL2053052422',NULL,NULL,NULL,NULL,223,NULL,NULL,NULL),('18868316937BSL2053096246',NULL,NULL,NULL,NULL,224,NULL,NULL,NULL),('18868325669BSL2053098201',NULL,NULL,NULL,NULL,225,NULL,NULL,NULL),('18866523261BSL2052829452',NULL,NULL,NULL,NULL,226,NULL,NULL,NULL),('18868581652',NULL,NULL,NULL,NULL,227,NULL,NULL,NULL),('18868581121',NULL,NULL,NULL,NULL,228,NULL,NULL,NULL),('18868581092',NULL,NULL,NULL,NULL,229,NULL,NULL,NULL),('18868586064',NULL,NULL,NULL,NULL,230,NULL,NULL,NULL),('18868602135',NULL,NULL,NULL,NULL,231,NULL,NULL,NULL),('18868614038',NULL,NULL,NULL,NULL,232,NULL,NULL,NULL),('18868565001BSL2053137659',NULL,NULL,NULL,NULL,233,NULL,NULL,NULL),('18868364275BSL2053103316',NULL,NULL,NULL,NULL,234,NULL,NULL,NULL),('18866753486BSL2052865895',NULL,NULL,NULL,NULL,235,NULL,NULL,NULL),('18866991291BSL2052899025',NULL,NULL,NULL,NULL,236,NULL,NULL,NULL),('18868005141BSL2053053678',NULL,NULL,NULL,NULL,237,NULL,NULL,NULL),('18868645155',NULL,NULL,NULL,NULL,238,NULL,NULL,NULL),('18866522952BSL2052829540',NULL,NULL,NULL,NULL,239,NULL,NULL,NULL),('18866660550BSL2052852121',NULL,NULL,NULL,NULL,240,NULL,NULL,NULL),('18868392796BSL2053108915',NULL,NULL,NULL,NULL,241,NULL,NULL,NULL),('18868708444',NULL,NULL,NULL,NULL,242,NULL,NULL,NULL),('18868708401',NULL,NULL,NULL,NULL,243,NULL,NULL,NULL),('18868708360',NULL,NULL,NULL,NULL,244,NULL,NULL,NULL),('18868707859',NULL,NULL,NULL,NULL,245,NULL,NULL,NULL),('18868707821',NULL,NULL,NULL,NULL,246,NULL,NULL,NULL);
/*!40000 ALTER TABLE `skin_sell_order` ENABLE KEYS */;
UNLOCK TABLES;

--
-- Table structure for table `skin_set`
--

DROP TABLE IF EXISTS `skin_set`;
/*!40101 SET @saved_cs_client     = @@character_set_client */;
/*!50503 SET character_set_client = utf8mb4 */;
CREATE TABLE `skin_set` (
  `id` int(11) NOT NULL AUTO_INCREMENT,
  `name` varchar(45) DEFAULT NULL,
  PRIMARY KEY (`id`)
) ENGINE=InnoDB AUTO_INCREMENT=47 DEFAULT CHARSET=utf8;
/*!40101 SET character_set_client = @saved_cs_client */;

--
-- Dumping data for table `skin_set`
--

LOCK TABLES `skin_set` WRITE;
/*!40000 ALTER TABLE `skin_set` DISABLE KEYS */;
INSERT INTO `skin_set` VALUES (1,'NULL_SKIN_SET'),(2,'The Rising Sun Collection'),(3,'The Breakout Collection'),(4,'The Chop Shop Collection'),(5,'The Chroma Collection'),(6,'NULL_SKINSET'),(7,'The Spectrum Collection'),(8,'The Falchion Collection'),(9,'The Wildfire Collection'),(10,'The Clutch Collection'),(11,'The Norse Collection'),(12,'The Chroma 2 Collection'),(13,'The CS20 Collection'),(14,'The Prisma Collection'),(15,'The 2018 Nuke Collection'),(16,'The Italy Collection'),(17,'The Glove Collection'),(18,'The Lake Collection'),(19,'The Safehouse Collection'),(20,'The Shadow Collection'),(21,'The Arms Deal Collection'),(22,'The Prisma 2 Collection'),(23,'The Chroma 3 Collection'),(24,'The Danger Zone Collection'),(25,'The Gamma Collection'),(26,'The Revolver Case Collection'),(27,'The Spectrum 2 Collection'),(28,'The Vanguard Collection'),(29,'The Horizon Collection'),(30,'The Winter Offensive Collection'),(31,'The eSports 2013 Collection'),(32,'The Phoenix Collection'),(33,'The Operation Hydra Collection'),(34,'The eSports 2014 Summer Collection'),(35,'The Arms Deal 2 Collection'),(36,'The Bravo Collection'),(37,'The Gamma 2 Collection'),(38,'The Dust 2 Collection'),(39,'The Arms Deal 3 Collection'),(40,'The Huntsman Collection'),(41,'The Aztec Collection'),(42,'The Overpass Collection'),(43,'The St. Marc Collection'),(44,'The Bank Collection'),(45,'The 2018 Inferno Collection'),(46,'The eSports 2013 Winter Collection');
/*!40000 ALTER TABLE `skin_set` ENABLE KEYS */;
UNLOCK TABLES;

--
-- Table structure for table `skin_state`
--

DROP TABLE IF EXISTS `skin_state`;
/*!40101 SET @saved_cs_client     = @@character_set_client */;
/*!50503 SET character_set_client = utf8mb4 */;
CREATE TABLE `skin_state` (
  `id` int(11) NOT NULL AUTO_INCREMENT,
  `name` varchar(45) NOT NULL,
  PRIMARY KEY (`id`)
) ENGINE=InnoDB AUTO_INCREMENT=6 DEFAULT CHARSET=utf8;
/*!40101 SET character_set_client = @saved_cs_client */;

--
-- Dumping data for table `skin_state`
--

LOCK TABLES `skin_state` WRITE;
/*!40000 ALTER TABLE `skin_state` DISABLE KEYS */;
INSERT INTO `skin_state` VALUES (0,'UNKONWN'),(1,'Battle-Scarred'),(2,'Well-Worn'),(3,'Field-Tested'),(4,'Minimal-Wear'),(5,'Factory-New');
/*!40000 ALTER TABLE `skin_state` ENABLE KEYS */;
UNLOCK TABLES;

--
-- Table structure for table `weapon`
--

DROP TABLE IF EXISTS `weapon`;
/*!40101 SET @saved_cs_client     = @@character_set_client */;
/*!50503 SET character_set_client = utf8mb4 */;
CREATE TABLE `weapon` (
  `id` int(11) NOT NULL AUTO_INCREMENT,
  `name` varchar(60) DEFAULT NULL,
  `type` int(11) DEFAULT NULL,
  PRIMARY KEY (`id`),
  KEY `fk_weapon_type_idx` (`type`),
  CONSTRAINT `fk_weapon_type` FOREIGN KEY (`type`) REFERENCES `weapon_type` (`id`)
) ENGINE=InnoDB AUTO_INCREMENT=46 DEFAULT CHARSET=utf8;
/*!40101 SET character_set_client = @saved_cs_client */;

--
-- Dumping data for table `weapon`
--

LOCK TABLES `weapon` WRITE;
/*!40000 ALTER TABLE `weapon` DISABLE KEYS */;
INSERT INTO `weapon` VALUES (1,'NULL_WEAPON',NULL),(2,'Desert Eagle',2),(3,'Glock-18',2),(4,'M4A1-S',4),(5,'M4A4',4),(6,'Bayonet',1),(7,'Classic Knife',1),(8,'AK-47',4),(9,'AWP',5),(10,'AUG',4),(11,'Flip Knife',1),(12,'MP5-SD',3),(13,'MP7',3),(14,'Tec-9',2),(15,'PP-Bizon',3),(16,'P2000',2),(17,'Galil AR',4),(18,'FAMAS',4),(19,'SSG 08',5),(20,'UMP-45',3),(21,'Sawed-Off',6),(22,'Dual Berettas',2),(23,'USP-S',2),(24,'MAG-7',6),(25,'CZ75-Auto',2),(26,'SG 553',4),(27,'Butterfly Knife',1),(28,'P250',2),(29,'MAC-10',3),(30,'Falchion Knife',1),(31,'XM1014',6),(32,'MP9',3),(33,'M9 Bayonet',1),(34,'P90',3),(35,'Shadow Daggers',1),(36,'Five-SeveN',2),(37,'G3SG1',5),(38,'Huntsman Knife',1),(39,'Talon Knife',1),(40,'SCAR-20',5),(41,'Skeleton Knife',1),(42,'Stiletto Knife',1),(43,'Karambit',1),(44,'R8 Revolver',2),(45,'Navaja Knife',1);
/*!40000 ALTER TABLE `weapon` ENABLE KEYS */;
UNLOCK TABLES;

--
-- Table structure for table `weapon_type`
--

DROP TABLE IF EXISTS `weapon_type`;
/*!40101 SET @saved_cs_client     = @@character_set_client */;
/*!50503 SET character_set_client = utf8mb4 */;
CREATE TABLE `weapon_type` (
  `id` int(11) NOT NULL AUTO_INCREMENT,
  `name` varchar(45) DEFAULT NULL,
  PRIMARY KEY (`id`)
) ENGINE=InnoDB AUTO_INCREMENT=8 DEFAULT CHARSET=utf8;
/*!40101 SET character_set_client = @saved_cs_client */;

--
-- Dumping data for table `weapon_type`
--

LOCK TABLES `weapon_type` WRITE;
/*!40000 ALTER TABLE `weapon_type` DISABLE KEYS */;
INSERT INTO `weapon_type` VALUES (0,'Unknown'),(1,'Knife'),(2,'Pistol'),(3,'SMG'),(4,'Rifle'),(5,'Sniper Rifle'),(6,'Shotgun'),(7,'Machinegun');
/*!40000 ALTER TABLE `weapon_type` ENABLE KEYS */;
UNLOCK TABLES;
/*!40103 SET TIME_ZONE=@OLD_TIME_ZONE */;

/*!40101 SET SQL_MODE=@OLD_SQL_MODE */;
/*!40014 SET FOREIGN_KEY_CHECKS=@OLD_FOREIGN_KEY_CHECKS */;
/*!40014 SET UNIQUE_CHECKS=@OLD_UNIQUE_CHECKS */;
/*!40101 SET CHARACTER_SET_CLIENT=@OLD_CHARACTER_SET_CLIENT */;
/*!40101 SET CHARACTER_SET_RESULTS=@OLD_CHARACTER_SET_RESULTS */;
/*!40101 SET COLLATION_CONNECTION=@OLD_COLLATION_CONNECTION */;
/*!40111 SET SQL_NOTES=@OLD_SQL_NOTES */;

-- Dump completed on 2020-06-21 16:17:28
