-- MySQL dump 10.13  Distrib 8.0.18, for Win64 (x86_64)
--
-- Host: localhost    Database: bitskins_csgo_dev
-- ------------------------------------------------------
-- Server version	8.0.18

/*!40101 SET @OLD_CHARACTER_SET_CLIENT=@@CHARACTER_SET_CLIENT */;
/*!40101 SET @OLD_CHARACTER_SET_RESULTS=@@CHARACTER_SET_RESULTS */;
/*!40101 SET @OLD_COLLATION_CONNECTION=@@COLLATION_CONNECTION */;
/*!50503 SET NAMES utf8mb4 */;
/*!40103 SET @OLD_TIME_ZONE=@@TIME_ZONE */;
/*!40103 SET TIME_ZONE='+00:00' */;
/*!40014 SET @OLD_UNIQUE_CHECKS=@@UNIQUE_CHECKS, UNIQUE_CHECKS=0 */;
/*!40014 SET @OLD_FOREIGN_KEY_CHECKS=@@FOREIGN_KEY_CHECKS, FOREIGN_KEY_CHECKS=0 */;
/*!40101 SET @OLD_SQL_MODE=@@SQL_MODE, SQL_MODE='NO_AUTO_VALUE_ON_ZERO' */;
/*!40111 SET @OLD_SQL_NOTES=@@SQL_NOTES, SQL_NOTES=0 */;

--
-- Table structure for table `business_query`
--

DROP TABLE IF EXISTS `business_query`;
/*!40101 SET @saved_cs_client     = @@character_set_client */;
/*!50503 SET character_set_client = utf8mb4 */;
CREATE TABLE `business_query` (
  `id` int(11) NOT NULL AUTO_INCREMENT,
  `name` varchar(255) DEFAULT NULL,
  `query` varchar(255) DEFAULT NULL,
  PRIMARY KEY (`id`)
) ENGINE=InnoDB DEFAULT CHARSET=utf8mb4 COLLATE=utf8mb4_0900_ai_ci;
/*!40101 SET character_set_client = @saved_cs_client */;

--
-- Dumping data for table `business_query`
--

LOCK TABLES `business_query` WRITE;
/*!40000 ALTER TABLE `business_query` DISABLE KEYS */;
/*!40000 ALTER TABLE `business_query` ENABLE KEYS */;
UNLOCK TABLES;

--
-- Table structure for table `dumb_item`
--

DROP TABLE IF EXISTS `dumb_item`;
/*!40101 SET @saved_cs_client     = @@character_set_client */;
/*!50503 SET character_set_client = utf8mb4 */;
CREATE TABLE `dumb_item` (
  `id` int(11) NOT NULL AUTO_INCREMENT,
  `name` varchar(45) DEFAULT NULL,
  `item_type` int(11) DEFAULT NULL,
  PRIMARY KEY (`id`),
  KEY `fk_dumb_item_to_item_type_idx` (`item_type`),
  CONSTRAINT `fk_dumb_item_to_item_type` FOREIGN KEY (`item_type`) REFERENCES `item_type` (`id`)
) ENGINE=InnoDB AUTO_INCREMENT=8 DEFAULT CHARSET=utf8mb4 COLLATE=utf8mb4_0900_ai_ci;
/*!40101 SET character_set_client = @saved_cs_client */;

--
-- Dumping data for table `dumb_item`
--

LOCK TABLES `dumb_item` WRITE;
/*!40000 ALTER TABLE `dumb_item` DISABLE KEYS */;
INSERT INTO `dumb_item` VALUES (1,'Patch | Chicken Lover',NULL),(2,'Name Tag',NULL),(3,'Sealed Graffiti | Heart (Princess Pink)',NULL),(4,'Chroma 3 Case Key',NULL),(5,'Prisma Case Key',NULL),(6,'Sealed Graffiti | Dead Now (Wire Blue)',NULL),(7,'Sealed Graffiti | Heart (War Pig Pink)',NULL);
/*!40000 ALTER TABLE `dumb_item` ENABLE KEYS */;
UNLOCK TABLES;

--
-- Table structure for table `item_type`
--

DROP TABLE IF EXISTS `item_type`;
/*!40101 SET @saved_cs_client     = @@character_set_client */;
/*!50503 SET character_set_client = utf8mb4 */;
CREATE TABLE `item_type` (
  `id` int(11) NOT NULL,
  `name` varchar(45) DEFAULT NULL,
  PRIMARY KEY (`id`)
) ENGINE=InnoDB DEFAULT CHARSET=utf8mb4 COLLATE=utf8mb4_0900_ai_ci;
/*!40101 SET character_set_client = @saved_cs_client */;

--
-- Dumping data for table `item_type`
--

LOCK TABLES `item_type` WRITE;
/*!40000 ALTER TABLE `item_type` DISABLE KEYS */;
INSERT INTO `item_type` VALUES (0,'UNKNOWN'),(1,'Skin'),(2,'Agent'),(3,'Sticker'),(4,'Container'),(5,'AFER');
/*!40000 ALTER TABLE `item_type` ENABLE KEYS */;
UNLOCK TABLES;

--
-- Table structure for table `orm_mapping`
--

DROP TABLE IF EXISTS `orm_mapping`;
/*!40101 SET @saved_cs_client     = @@character_set_client */;
/*!50503 SET character_set_client = utf8mb4 */;
CREATE TABLE `orm_mapping` (
  `id` int(11) NOT NULL AUTO_INCREMENT,
  `JSON_NAME` varchar(255) DEFAULT NULL,
  `OBJECT_NAME` varchar(255) DEFAULT NULL,
  `SQL_NAME` varchar(255) DEFAULT NULL,
  PRIMARY KEY (`id`),
  UNIQUE KEY `id_UNIQUE` (`id`)
) ENGINE=InnoDB DEFAULT CHARSET=utf8mb4 COLLATE=utf8mb4_0900_ai_ci;
/*!40101 SET character_set_client = @saved_cs_client */;

--
-- Dumping data for table `orm_mapping`
--

LOCK TABLES `orm_mapping` WRITE;
/*!40000 ALTER TABLE `orm_mapping` DISABLE KEYS */;
/*!40000 ALTER TABLE `orm_mapping` ENABLE KEYS */;
UNLOCK TABLES;

--
-- Table structure for table `skin`
--

DROP TABLE IF EXISTS `skin`;
/*!40101 SET @saved_cs_client     = @@character_set_client */;
/*!50503 SET character_set_client = utf8mb4 */;
CREATE TABLE `skin` (
  `id` int(11) NOT NULL AUTO_INCREMENT,
  `name` varchar(75) DEFAULT NULL,
  `short_name` varchar(45) DEFAULT NULL,
  `image_url` varchar(511) DEFAULT NULL,
  `skin_set` int(11) DEFAULT NULL,
  `skin_rarity` int(11) DEFAULT NULL,
  `weapon` int(11) DEFAULT NULL,
  `has_StatTrak` tinyint(1) DEFAULT NULL,
  PRIMARY KEY (`id`),
  KEY `fk_skin_set_idx` (`skin_set`),
  KEY `fk_skin_rarity_idx` (`skin_rarity`),
  KEY `fk_weapon_idx` (`weapon`),
  CONSTRAINT `fk_skin_rarity` FOREIGN KEY (`skin_rarity`) REFERENCES `skin_rarity` (`id`),
  CONSTRAINT `fk_skin_set` FOREIGN KEY (`skin_set`) REFERENCES `skin_set` (`id`),
  CONSTRAINT `fk_weapon` FOREIGN KEY (`weapon`) REFERENCES `weapon` (`id`)
) ENGINE=InnoDB AUTO_INCREMENT=218 DEFAULT CHARSET=utf8mb4 COLLATE=utf8mb4_0900_ai_ci;
/*!40101 SET character_set_client = @saved_cs_client */;

--
-- Dumping data for table `skin`
--

LOCK TABLES `skin` WRITE;
/*!40000 ALTER TABLE `skin` DISABLE KEYS */;
INSERT INTO `skin` VALUES (1,'NULL_SKIN',NULL,NULL,NULL,NULL,NULL,NULL),(2,'M4A1-S | Icarus Fell','Icarus Fell','https://steamcommunity-a.akamaihd.net/economy/image/-9a81dlWLwJ2UUGcVs_nsVtzdOEdtWwKGZZLQHTxDZ7I56KU0Zwwo4NUX4oFJZEHLbXH5ApeO4YmlhxYQknCRvCo04DEVlxkKgpou-6kejhz2v_Nfz5H_uO-jb-ClPbmJqjummJW4NE_3ujHpY2sigXl-UFoZGj7JYCXdgQ4YVnQ-1Lqxenn1MLpuszJz3tk6D5iuyjCqdNpmA/256fx256f',2,4,2,NULL),(3,'Falchion Knife | Case Hardened','Case Hardened','https://steamcommunity-a.akamaihd.net/economy/image/-9a81dlWLwJ2UUGcVs_nsVtzdOEdtWwKGZZLQHTxDZ7I56KU0Zwwo4NUX4oFJZEHLbXH5ApeO4YmlhxYQknCRvCo04DEVlxkKgpovbSsLQJf1fLEcjVL49KJlZG0mP74Nr_unm5Q_tw_j-iXpojx3g23_kc5YGz2doDAcAY7NVHV8gLtwu69gZK075vBmyNlsj5iuyg3DwLXQA/256fx256f',3,6,3,NULL),(4,'Bayonet | Slaughter','Slaughter','https://steamcommunity-a.akamaihd.net/economy/image/-9a81dlWLwJ2UUGcVs_nsVtzdOEdtWwKGZZLQHTxDZ7I56KU0Zwwo4NUX4oFJZEHLbXH5ApeO4YmlhxYQknCRvCo04DEVlxkKgpotLu8JAllx8zJfAJY6d6klb-HnvD8J_WDxDgFuJMl2b-Tp9yhjQzjrhJpMDzwco-cdVJtZ1HRrlm6xbrmhJC0ot2XnobxE0h8/256fx256f',4,6,4,NULL),(5,'Butterfly Knife | Marble Fade','Marble Fade','https://steamcommunity-a.akamaihd.net/economy/image/-9a81dlWLwJ2UUGcVs_nsVtzdOEdtWwKGZZLQHTxDZ7I56KU0Zwwo4NUX4oFJZEHLbXH5ApeO4YmlhxYQknCRvCo04DEVlxkKgpovbSsLQJf0ebcZThQ6tCvq4GGqPr1Ibndk1RX6cF0teXI8oThxlft-kRsMTqhLIORJwNqYg2E-ge9kOzt18fptMzNzHNg7HQm43bYm0SpwUYb_LdKp9c/256fx256f',5,6,5,NULL),(6,'AWP | Dragon Lore','Dragon Lore','https://steamcommunity-a.akamaihd.net/economy/image/-9a81dlWLwJ2UUGcVs_nsVtzdOEdtWwKGZZLQHTxDZ7I56KU0Zwwo4NUX4oFJZEHLbXH5ApeO4YmlhxYQknCRvCo04DEVlxkKgpot621FAR17P7NdTRH-t26q4SZlvD7PYTQgXtu5cB1g_zMu9zw3g2yrkVtZ2r6IoSVdAU-ZVrY_lS6lb_ogsDqu57NmCQ27iJx53nD30vgUTXWscs/256fx256f',6,6,6,NULL),(7,'Falchion Knife | Boreal Forest','Boreal Forest','https://steamcommunity-a.akamaihd.net/economy/image/-9a81dlWLwJ2UUGcVs_nsVtzdOEdtWwKGZZLQHTxDZ7I56KU0Zwwo4NUX4oFJZEHLbXH5ApeO4YmlhxYQknCRvCo04DEVlxkKgpovbSsLQJf1fLEcjVL49KJnJm0kfjmNqjFqWle-sBwhtbN_Iv9nBrtqRVoMjunI4XBJ1NrYQmF8lPtlO6-jZC7vMjIyXdl7iNz4HvbnhWwn1gSOdWpLqAg/256fx256f',3,6,3,NULL),(8,'Falchion Knife | Damascus Steel','Damascus Steel','https://steamcommunity-a.akamaihd.net/economy/image/-9a81dlWLwJ2UUGcVs_nsVtzdOEdtWwKGZZLQHTxDZ7I56KU0Zwwo4NUX4oFJZEHLbXH5ApeO4YmlhxYQknCRvCo04DEVlxkKgpovbSsLQJf1fLEcjVL49KJlZG0k_b5MqjSg3husZVOhuDG_Zi70Vaw_BZsNWinJ4TEcwE5MArQ-wPtyb3qh8e5vcmYmnsy7iYjsHqMlgv3309b37rgCg/256fx256f',3,6,3,NULL),(9,'Karambit | Blue Steel','Blue Steel','https://steamcommunity-a.akamaihd.net/economy/image/-9a81dlWLwJ2UUGcVs_nsVtzdOEdtWwKGZZLQHTxDZ7I56KU0Zwwo4NUX4oFJZEHLbXH5ApeO4YmlhxYQknCRvCo04DEVlxkKgpovbSsLQJf2PLacDBA5ciJlZG0lfvhNr_ummJW4NE_273ErN6ti1CxrxZlYjjzIdeRdQA7ZwqD-wC6xu680ZO9uc_AnXVgvz5iuyhtDBWPCg/256fx256f',4,6,7,NULL),(10,'Shadow Daggers | Doppler','Doppler','https://steamcommunity-a.akamaihd.net/economy/image/-9a81dlWLwJ2UUGcVs_nsVtzdOEdtWwKGZZLQHTxDZ7I56KU0Zwwo4NUX4oFJZEHLbXH5ApeO4YmlhxYQknCRvCo04DEVlxkKgpovbSsLQJfw-bbeQJD4eOym5Cbm_LmDKvZl3hUuvpzteXI8oThxgHl_RdqMD_2cYeTIQ84ZQuE-VTsye3m1JTutM_Pn3Rh63Qn43vdlxapwUYb4JkLank/256fx256f',7,6,8,NULL),(11,'M9 Bayonet | Lore','Lore','https://steamcommunity-a.akamaihd.net/economy/image/-9a81dlWLwJ2UUGcVs_nsVtzdOEdtWwKGZZLQHTxDZ7I56KU0Zwwo4NUX4oFJZEHLbXH5ApeO4YmlhxYQknCRvCo04DEVlxkKgpovbSsLQJf3qr3czxb49KzgL-Igsj5aoTTl3Ju5Mpjj9bN_Iv9nBq2_xE6Mmv1cIOSclI6ZViFr1XtwertgZK6vJiYwXNjuSEr5XaJzhfhn1gSOWAjuI7h/256fx256f',4,6,9,NULL),(12,'Huntsman Knife | Doppler','Doppler','https://steamcommunity-a.akamaihd.net/economy/image/-9a81dlWLwJ2UUGcVs_nsVtzdOEdtWwKGZZLQHTxDZ7I56KU0Zwwo4NUX4oFJZEHLbXH5ApeO4YmlhxYQknCRvCo04DEVlxkKgpovbSsLQJfx_LLZTRB7dCJlY20heL2KoTcl3lT5MB4kOzFyoD8j1yg5UZqMTj7ctOUIAY5YVHY-QO_k7vthpC5tcjAznti6yMn7HmLy0Th1RpSLrs4PnCsPQE/256fx256f',8,6,10,NULL),(13,'M4A4 | Buzz Kill','Buzz Kill','https://steamcommunity-a.akamaihd.net/economy/image/-9a81dlWLwJ2UUGcVs_nsVtzdOEdtWwKGZZLQHTxDZ7I56KU0Zwwo4NUX4oFJZEHLbXH5ApeO4YmlhxYQknCRvCo04DEVlxkKgpou-6kejhnwMzFJTwW08-zl5SEhcj4OrzZgiUFu8By27iQ8Iqg3Qyy_Ec_Z2CmJ4eTcAdqZV3VrFi9k7_rhJK7vZmc1zI97eGSYpLn/256fx256f',9,6,11,NULL),(14,'AK-47 | Frontside Misty','Frontside Misty','https://steamcommunity-a.akamaihd.net/economy/image/-9a81dlWLwJ2UUGcVs_nsVtzdOEdtWwKGZZLQHTxDZ7I56KU0Zwwo4NUX4oFJZEHLbXH5ApeO4YmlhxYQknCRvCo04DEVlxkKgpot7HxfDhjxszJemkV08u_mpSOhcjnI7TDglRd4cJ5nqeWrdn02Ay1rhA4amD1cNXDJFU4N1vY-Va9l7q8gpW6tZqcz3Ji6yZz-z-DyDzjuIse/256fx256f',7,5,12,NULL),(15,'Bayonet | Doppler','Doppler','https://steamcommunity-a.akamaihd.net/economy/image/-9a81dlWLwJ2UUGcVs_nsVtzdOEdtWwKGZZLQHTxDZ7I56KU0Zwwo4NUX4oFJZEHLbXH5ApeO4YmlhxYQknCRvCo04DEVlxkKgpotLu8JAllx8zJfAJG48ymmIWZqOf8MqjUx1Rd4cJ5nqeT8Ymi3wzt-UNrZ2mmItWRcgRvM16BqVK4l7jq0J-4vZ3IwHQ16HUq-z-DyALmsiWI/256fx256f',4,6,4,NULL),(16,'M4A4 | The Emperor','The Emperor','https://steamcommunity-a.akamaihd.net/economy/image/-9a81dlWLwJ2UUGcVs_nsVtzdOEdtWwKGZZLQHTxDZ7I56KU0Zwwo4NUX4oFJZEHLbXH5ApeO4YmlhxYQknCRvCo04DEVlxkKgpou-6kejhnwMzFJTwW09m7hIWZmOXLPr7Vn35cppVy0rCXodyj2QS28kVvYW6ldo-Tew84YA6C-1m7xuzu0ZW56MzLnyB9-n51H0vrrBM/256fx256f',10,6,11,NULL),(17,'AK-47 | Vulcan','Vulcan','https://steamcommunity-a.akamaihd.net/economy/image/-9a81dlWLwJ2UUGcVs_nsVtzdOEdtWwKGZZLQHTxDZ7I56KU0Zwwo4NUX4oFJZEHLbXH5ApeO4YmlhxYQknCRvCo04DEVlxkKgpot7HxfDhjxszJemkV086jloKOhcj4OrzZgiUEsJYnibqZ8d-l2wO1_hJtNWDzctDBIQ5taAzQqFi6wujo1se06cud1zI97ZAmS4pT/256fx256f',8,6,12,NULL),(18,'Stiletto Knife | ★ Stiletto Knife','★ Stiletto Knife','https://steamcommunity-a.akamaihd.net/economy/image/-9a81dlWLwJ2UUGcVs_nsVtzdOEdtWwKGZZLQHTxDZ7I56KU0Zwwo4NUX4oFJZEHLbXU5A1PIYQh5hlcX0nvUOGsx8DdQBJjIAVHubSaIAlp1fb3YilL4NmigI_FxvbxNb6FlWoB7ZEi2e_CrY-mjg3m_xE9YG_xJo6WJwY4Z16C_we2lfCv28HnEtd6yQ/256fx256f',4,6,13,NULL),(19,'AWP | Neo-Noir','Neo-Noir','https://steamcommunity-a.akamaihd.net/economy/image/-9a81dlWLwJ2UUGcVs_nsVtzdOEdtWwKGZZLQHTxDZ7I56KU0Zwwo4NUX4oFJZEHLbXH5ApeO4YmlhxYQknCRvCo04DEVlxkKgpot621FAR17PLfYQJM6dO4m4mZqPv9NLPF2GgE7MEk3e-ZoNmgjAXnqEdtNWn7JISRJAQ5MFHT-1W-xuq9g5-07cvXiSw0SeFYhWE/256fx256f',11,6,6,NULL),(20,'Flip Knife | Doppler','Doppler','https://steamcommunity-a.akamaihd.net/economy/image/-9a81dlWLwJ2UUGcVs_nsVtzdOEdtWwKGZZLQHTxDZ7I56KU0Zwwo4NUX4oFJZEHLbXH5ApeO4YmlhxYQknCRvCo04DEVlxkKgpovbSsLQJf1f_BYQJD4eOym5Cbm_LmDKvZl3hUu_p9g-7J4cL23g3sr0Y4ZTihdteccwJqaViE-Fi8lby9hpbq6c_KzHMyvSYqs3zegVXp1mfvJpRH/256fx256f',4,6,14,NULL),(21,'M9 Bayonet | Autotronic','Autotronic','https://steamcommunity-a.akamaihd.net/economy/image/-9a81dlWLwJ2UUGcVs_nsVtzdOEdtWwKGZZLQHTxDZ7I56KU0Zwwo4NUX4oFJZEHLbXH5ApeO4YmlhxYQknCRvCo04DEVlxkKgpovbSsLQJf3qr3czxb49KzgL-MhMj5aoTTl3Ju6dBlhf3T-oL8i2u5rhc1JjTtcYCWdFI8ZF-E_wXqk-jvhZ-7ucnJy3ZjvCAr5imPlhPigBkZaLY-guveFwuT9UkppQ/256fx256f',4,6,9,NULL),(22,'AK-47 | Neon Rider','Neon Rider','https://steamcommunity-a.akamaihd.net/economy/image/-9a81dlWLwJ2UUGcVs_nsVtzdOEdtWwKGZZLQHTxDZ7I56KU0Zwwo4NUX4oFJZEHLbXH5ApeO4YmlhxYQknCRvCo04DEVlxkKgpot7HxfDhjxszJegJM6dO4q5KCk_LmDLbUkmJE5YshjL2W8NWn3Qy1_0FoMTryLNSQewE9MFDX8wTvlee-0MC67cuayCFnpGB8srRZP464/256fx256f',12,6,12,NULL),(23,'AK-47 | Asiimov','Asiimov','https://steamcommunity-a.akamaihd.net/economy/image/-9a81dlWLwJ2UUGcVs_nsVtzdOEdtWwKGZZLQHTxDZ7I56KU0Zwwo4NUX4oFJZEHLbXH5ApeO4YmlhxYQknCRvCo04DEVlxkKgpot7HxfDhjxszJemkV092lnYmGmOHLP7LWnn8fvpMkjOqS99Smiwzk_0VvamH0LIHEdwFqYw2G_QC3lefsjZS4uJXLyWwj5HclxVTx0A/256fx256f',11,6,12,NULL),(24,'Huntsman Knife | ★ Huntsman Knife','★ Huntsman Knife','https://steamcommunity-a.akamaihd.net/economy/image/-9a81dlWLwJ2UUGcVs_nsVtzdOEdtWwKGZZLQHTxDZ7I56KU0Zwwo4NUX4oFJZEHLbXU5A1PIYQh5hlcX0nvUOGsx8DdQBJjIAVHubSaIAlp1fb3ZTxB-NW1lYzFwKGmYrnTl28GuJEg2u3E99qn0VDi-xY4amGmcoSRelJvMl3S_1K7x_Cv28HdLw_tSQ/256fx256f',8,6,10,NULL),(25,'Desert Eagle | Blaze','Blaze','https://steamcommunity-a.akamaihd.net/economy/image/-9a81dlWLwJ2UUGcVs_nsVtzdOEdtWwKGZZLQHTxDZ7I56KU0Zwwo4NUX4oFJZEHLbXH5ApeO4YmlhxYQknCRvCo04DEVlxkKgposr-kLAtl7PLJTjtO7dGzh7-HnvD8J_XVkjoFuMYiiLqUrI-k3le3r0s5amj7d9eTI1I-M1rW-Fm_xO-50Jfvot2XnhS4_w8U/256fx256f',13,4,15,NULL),(26,'USP-S | Neo-Noir','Neo-Noir','https://steamcommunity-a.akamaihd.net/economy/image/-9a81dlWLwJ2UUGcVs_nsVtzdOEdtWwKGZZLQHTxDZ7I56KU0Zwwo4NUX4oFJZEHLbXH5ApeO4YmlhxYQknCRvCo04DEVlxkKgpoo6m1FBRp3_bGcjhQ09-jq5WYh-TLPbTYhFRd4cJ5nqfE8dzz3Abg_hBtMWDzJ4fGdFI6YFjT-lHtlOi70Jfqvcifm3Vmvigj-z-DyA8aEmbE/256fx256f',14,6,16,NULL),(27,'Butterfly Knife | Boreal Forest','Boreal Forest','https://steamcommunity-a.akamaihd.net/economy/image/-9a81dlWLwJ2UUGcVs_nsVtzdOEdtWwKGZZLQHTxDZ7I56KU0Zwwo4NUX4oFJZEHLbXH5ApeO4YmlhxYQknCRvCo04DEVlxkKgpovbSsLQJf0ebcZThQ6tCvq4iSqPH7Ib7CglRT59d0i-X--InxgUG55Uo-MWH1JobGdVBsYVvY_gO6wO661MC5up7PwHZnvnYg5iuOlxbkhxhSLrs4baOrwCw/256fx256f',5,6,5,NULL),(28,'M9 Bayonet | Ultraviolet','Ultraviolet','https://steamcommunity-a.akamaihd.net/economy/image/-9a81dlWLwJ2UUGcVs_nsVtzdOEdtWwKGZZLQHTxDZ7I56KU0Zwwo4NUX4oFJZEHLbXH5ApeO4YmlhxYQknCRvCo04DEVlxkKgpovbSsLQJf3qr3czxb49KzgL-YmMjkJqnBmm5u5cB1g_zMu9qhiQKw-RdqNmD2d4bBI1NraAuBq1Htwunmh8O47ZnLz3VruCNz7SrD30vgKkxzxTk/256fx256f',4,6,9,NULL),(29,'Stiletto Knife | Blue Steel','Blue Steel','https://steamcommunity-a.akamaihd.net/economy/image/-9a81dlWLwJ2UUGcVs_nsVtzdOEdtWwKGZZLQHTxDZ7I56KU0Zwwo4NUX4oFJZEHLbXH5ApeO4YmlhxYQknCRvCo04DEVlxkKgpovbSsLQJfwOfBfThW-NOJlZG0lfvhNr_um25V4dB8xOqZp9ShjAa2qkFkYj-gI4KRdlM2YFyG-QXtxujt18e_6pycyntmv3M8pSGKHUa4bgM/256fx256f',4,6,13,NULL),(30,'Karambit | Boreal Forest','Boreal Forest','https://steamcommunity-a.akamaihd.net/economy/image/-9a81dlWLwJ2UUGcVs_nsVtzdOEdtWwKGZZLQHTxDZ7I56KU0Zwwo4NUX4oFJZEHLbXH5ApeO4YmlhxYQknCRvCo04DEVlxkKgpovbSsLQJf2PLacDBA5ciJnJm0kfjmNqjFqWle-sBwhtbM8Ij8nVn6qEA6ZjrzdY7GIQ83MAmE_QK-x-rpgsDutMydzHdi7ilx43vVzECx1QYMMLKEcjj7OA/256fx256f',4,6,7,NULL),(31,'AWP | Medusa','Medusa','https://steamcommunity-a.akamaihd.net/economy/image/-9a81dlWLwJ2UUGcVs_nsVtzdOEdtWwKGZZLQHTxDZ7I56KU0Zwwo4NUX4oFJZEHLbXH5ApeO4YmlhxYQknCRvCo04DEVlxkKgpot621FAR17P7NdShR7eO3g5C0mvLwOq7c2DkAvJQg27iT9NWm2VK3rkU6YmmiI4SVJAQ9MljUr1O5ku7ug8K1usnXiSw07gvX0uU/256fx256f',2,6,6,NULL),(32,'P250 | Muertos','Muertos','https://steamcommunity-a.akamaihd.net/economy/image/-9a81dlWLwJ2UUGcVs_nsVtzdOEdtWwKGZZLQHTxDZ7I56KU0Zwwo4NUX4oFJZEHLbXH5ApeO4YmlhxYQknCRvCo04DEVlxkKgpopujwezhjxszYI2gS09G3moSKm_bLP7LWnn8fuMRyiLyQodqhi1Dj-UVoYDr1dYfDJ1BvN1DX-Ve8yea615PovJ-fzmwj5Hf1-Su83w/256fx256f',15,5,17,NULL),(33,'AWP | Asiimov','Asiimov','https://steamcommunity-a.akamaihd.net/economy/image/-9a81dlWLwJ2UUGcVs_nsVtzdOEdtWwKGZZLQHTxDZ7I56KU0Zwwo4NUX4oFJZEHLbXH5ApeO4YmlhxYQknCRvCo04DEVlxkKgpot621FAR17PLfYQJD_9W7m5a0n_L1JaKfzzoGuJJ02e2W8d6m2gztrkRoZmigItDGcgA_N1iFqwC-xr_m1J-57YOJlyVerprbwA/256fx256f',16,6,6,NULL),(34,'Bayonet | Forest DDPAT','Forest DDPAT','https://steamcommunity-a.akamaihd.net/economy/image/-9a81dlWLwJ2UUGcVs_nsVtzdOEdtWwKGZZLQHTxDZ7I56KU0Zwwo4NUX4oFJZEHLbXH5ApeO4YmlhxYQknCRvCo04DEVlxkKgpotLu8JAllx8zAaAJG6My3gL-DkvbiKvXXz29XucMoibnArY6s2AXn8kRvZW76LYWSJFdoNwrV_1e2yezuhJbqot2Xnvb67xpg/256fx256f',4,6,4,NULL),(35,'Bowie Knife | Tiger Tooth','Tiger Tooth','https://steamcommunity-a.akamaihd.net/economy/image/-9a81dlWLwJ2UUGcVs_nsVtzdOEdtWwKGZZLQHTxDZ7I56KU0Zwwo4NUX4oFJZEHLbXH5ApeO4YmlhxYQknCRvCo04DEVlxkKgpovbSsLQJfwObaZzRU7dCJlo-cnvLLMrXugmJW7ddOhfvA-4vwt1i9rBsofTj7d9CXJAI8YFyD81S-l-vmgp-06pzMnXJjuyN04i7enECxiB9OOLRxxavJJ9-Xlfw/256fx256f',17,6,18,NULL),(36,'Ursus Knife | Tiger Tooth','Tiger Tooth','https://steamcommunity-a.akamaihd.net/economy/image/-9a81dlWLwJ2UUGcVs_nsVtzdOEdtWwKGZZLQHTxDZ7I56KU0Zwwo4NUX4oFJZEHLbXH5ApeO4YmlhxYQknCRvCo04DEVlxkKgpovbSsLQJfxuHbZC597dKJgImMkuXLPKnQmGxU18l4jeHVu9-hilHi_EU9amqlINKTJAQ5ZA3Q_Fi-lejr1JXvup3InHNluyJ2tnbD30vgXxwVgbk/256fx256f',4,6,19,NULL),(37,'AK-47 | Bloodsport','Bloodsport','https://steamcommunity-a.akamaihd.net/economy/image/-9a81dlWLwJ2UUGcVs_nsVtzdOEdtWwKGZZLQHTxDZ7I56KU0Zwwo4NUX4oFJZEHLbXH5ApeO4YmlhxYQknCRvCo04DEVlxkKgpot7HxfDhnwMzJemkV0966m4-PhOf7Ia_ummJW4NE_3rnHpdujjgK28kE5Y2Gid9WWdQ44YVHS-VS9wr--jJG6tJrAzCBh6D5iuyjdE47G3Q/256fx256f',14,6,12,NULL),(38,'Butterfly Knife | Fade','Fade','https://steamcommunity-a.akamaihd.net/economy/image/-9a81dlWLwJ2UUGcVs_nsVtzdOEdtWwKGZZLQHTxDZ7I56KU0Zwwo4NUX4oFJZEHLbXH5ApeO4YmlhxYQknCRvCo04DEVlxkKgpovbSsLQJf0ebcZThQ6tCvq4GKqPH1N77ummJW4NE_iLjA99nzigexr0NkYmH2dYSTdAU9ZQrW_lm2kO3pgcTuv8vLy3I1sj5iuyin5z3u1g/256fx256f',5,6,5,NULL),(39,'Bayonet | Tiger Tooth','Tiger Tooth','https://steamcommunity-a.akamaihd.net/economy/image/-9a81dlWLwJ2UUGcVs_nsVtzdOEdtWwKGZZLQHTxDZ7I56KU0Zwwo4NUX4oFJZEHLbXH5ApeO4YmlhxYQknCRvCo04DEVlxkKgpotLu8JAllx8zJfwJW5duzhr-Ehfb6NL7ummJW4NE_3bGR84qmiQHsr0NtMm7wcILBdVI5ZF2BrgPqkr_rg5K0v8nIyiQy7D5iuyj6nUSP2A/256fx256f',4,6,4,NULL),(40,'M9 Bayonet | Doppler','Doppler','https://steamcommunity-a.akamaihd.net/economy/image/-9a81dlWLwJ2UUGcVs_nsVtzdOEdtWwKGZZLQHTxDZ7I56KU0Zwwo4NUX4oFJZEHLbXH5ApeO4YmlhxYQknCRvCo04DEVlxkKgpovbSsLQJf3qr3czxb49KzgL-KmsjnMqvBnmJD7fp8i_vD-Yn8klGwlB81NDG3OtSUJgY7YVvS-VfolLq7hsO5tZ_OnXo3uyhz7SyPnhGx0xoeb-dugKOACQLJ28w8Lgw/256fx256f',4,6,9,NULL),(41,'Karambit | Lore','Lore','https://steamcommunity-a.akamaihd.net/economy/image/-9a81dlWLwJ2UUGcVs_nsVtzdOEdtWwKGZZLQHTxDZ7I56KU0Zwwo4NUX4oFJZEHLbXH5ApeO4YmlhxYQknCRvCo04DEVlxkKgpovbSsLQJf2PLacDBA5ciJl5W0nPbmMrbummRD7fp8j-3I4IG72ADgrUJoazqhIYOccwZsaAvSrlHtlO6-jZPt78ufynZk7yggtnnanwv3308QSsudOA/256fx256f',4,6,7,NULL),(42,'Shadow Daggers | Slaughter','Slaughter','https://steamcommunity-a.akamaihd.net/economy/image/-9a81dlWLwJ2UUGcVs_nsVtzdOEdtWwKGZZLQHTxDZ7I56KU0Zwwo4NUX4oFJZEHLbXH5ApeO4YmlhxYQknCRvCo04DEVlxkKgpovbSsLQJfw-bbeQJD4eOskYKZlsj4OrzZgiVQuJxw3OrHptitigXk-RVkYzz7I4SXdFVtZlmE-lK7xeq6gJa-u53K1zI97VbkI_gt/256fx256f',7,6,8,NULL),(43,'Talon Knife | Doppler','Doppler','https://steamcommunity-a.akamaihd.net/economy/image/-9a81dlWLwJ2UUGcVs_nsVtzdOEdtWwKGZZLQHTxDZ7I56KU0Zwwo4NUX4oFJZEHLbXH5ApeO4YmlhxYQknCRvCo04DEVlxkKgpovbSsLQJfxPrMfipP7dezhr-KmsjmJrnIqWZQ-sd9j-Db8IjKhF2zowdyNj37cYaQcQ8_NF7Zr1Dqwb270cPv6Z_Izydj7CkjtHrelkThhxwaP_sv26JqHcKn6w/256fx256f',4,6,20,NULL),(44,'Bayonet | Marble Fade','Marble Fade','https://steamcommunity-a.akamaihd.net/economy/image/-9a81dlWLwJ2UUGcVs_nsVtzdOEdtWwKGZZLQHTxDZ7I56KU0Zwwo4NUX4oFJZEHLbXH5ApeO4YmlhxYQknCRvCo04DEVlxkKgpotLu8JAllx8zJfAJP7c60mIW0kfbwNoTdn2xZ_ItwjuqTrdrz2w238ks9am_wJICXclc3ZlDT-wLvw7vqhZO8vp_AnSQ1pGB8slyqDZmn/256fx256f',4,6,4,NULL),(45,'Butterfly Knife | Stained','Stained','https://steamcommunity-a.akamaihd.net/economy/image/-9a81dlWLwJ2UUGcVs_nsVtzdOEdtWwKGZZLQHTxDZ7I56KU0Zwwo4NUX4oFJZEHLbXH5ApeO4YmlhxYQknCRvCo04DEVlxkKgpovbSsLQJf0ebcZThQ6tCvq4GaqPH7IbjUklRc7cF4n-SP9N6g3FG1-kM9Mmr2coCdIwI9ZAzS-1C3xe3s1pG76pXMwSdqvnIl4mGdwUKoJFzaVA/256fx256f',5,6,5,NULL),(46,'Gut Knife | Marble Fade','Marble Fade','https://steamcommunity-a.akamaihd.net/economy/image/-9a81dlWLwJ2UUGcVs_nsVtzdOEdtWwKGZZLQHTxDZ7I56KU0Zwwo4NUX4oFJZEHLbXH5ApeO4YmlhxYQknCRvCo04DEVlxkKgpovbSsLQJf1ObcTjxP09G3hoKHksjyMr_UqWdY781lxLGU8932iVDm-RE9Zzz1I4eTcgI7NV3Tr1jrwb25gJK5tZrPySZivyI8pSGK7Usnp-c/256fx256f',4,6,21,NULL),(47,'Bowie Knife | Marble Fade','Marble Fade','https://steamcommunity-a.akamaihd.net/economy/image/-9a81dlWLwJ2UUGcVs_nsVtzdOEdtWwKGZZLQHTxDZ7I56KU0Zwwo4NUX4oFJZEHLbXH5ApeO4YmlhxYQknCRvCo04DEVlxkKgpovbSsLQJfwObaZzRU7dCJlo-cnvLLMrbum2pD6sl0te_A8YnKhF2zowdyNjz1INCWewU9YArR-wO6w7jp0MC76Z3Jn3dkunJx5SuMnxzk1xgZO_sv26Is8TDGIA/256fx256f',17,6,18,NULL),(48,'Huntsman Knife | Fade','Fade','https://steamcommunity-a.akamaihd.net/economy/image/-9a81dlWLwJ2UUGcVs_nsVtzdOEdtWwKGZZLQHTxDZ7I56KU0Zwwo4NUX4oFJZEHLbXH5ApeO4YmlhxYQknCRvCo04DEVlxkKgpovbSsLQJfx_LLZTRB7dCJlYG0kfbwNoTdn2xZ_IsnjLuQo9_2i1HgrRVtYm_xJoLDegY3Y1jQqVjryOzn0cTq6ZyawHAypGB8svBLbDE1/256fx256f',8,6,10,NULL),(49,'M4A4 | Royal Paladin','Royal Paladin','https://steamcommunity-a.akamaihd.net/economy/image/-9a81dlWLwJ2UUGcVs_nsVtzdOEdtWwKGZZLQHTxDZ7I56KU0Zwwo4NUX4oFJZEHLbXH5ApeO4YmlhxYQknCRvCo04DEVlxkKgpou-6kejhnwMzFJTwW0865jYGHqOTlJrLDk1Rd4cJ5nqfHrdynjVfnqBVlMGigIo6WdVI2ZVnT8lXox7ruhJS_uprKzXJrsiBw-z-DyEuekK1S/256fx256f',18,6,11,NULL),(50,'M4A4 | Desolate Space','Desolate Space','https://steamcommunity-a.akamaihd.net/economy/image/-9a81dlWLwJ2UUGcVs_nsVtzdOEdtWwKGZZLQHTxDZ7I56KU0Zwwo4NUX4oFJZEHLbXH5ApeO4YmlhxYQknCRvCo04DEVlxkKgpou-6kejhjxszFJTwW09izh4-HluPxDKjBl2hU18l4jeHVu93zi1aw_hZtYW2icYHGdwJtN1nSr1foxui8gZW96ZvPznMyvSMq4XrD30vgc83x0v4/256fx256f',19,5,11,NULL),(51,'Gut Knife | Stained','Stained','https://steamcommunity-a.akamaihd.net/economy/image/-9a81dlWLwJ2UUGcVs_nsVtzdOEdtWwKGZZLQHTxDZ7I56KU0Zwwo4NUX4oFJZEHLbXH5ApeO4YmlhxYQknCRvCo04DEVlxkKgpovbSsLQJf1ObcTjxT09q5hoOOk8j5Nr_Yg2Yfv5Mk2L2V89rw3QKw-hdsZ2GicdLDe1NvYl-G-wLryerm0JK96M_Jmmwj5HdUe0_CMw/256fx256f',4,6,21,NULL),(52,'AK-47 | Aquamarine Revenge','Aquamarine Revenge','https://steamcommunity-a.akamaihd.net/economy/image/-9a81dlWLwJ2UUGcVs_nsVtzdOEdtWwKGZZLQHTxDZ7I56KU0Zwwo4NUX4oFJZEHLbXH5ApeO4YmlhxYQknCRvCo04DEVlxkKgpot7HxfDhjxszJemkV09-5gZKKkPLLMrfFqWZU7Mxkh6eU896n0FXk-RJsNzv3cI-WJAA3YFDTqFa2l-u6jJW4uJqdyCBluyEm-z-DyCua9lLK/256fx256f',3,6,12,NULL),(53,'Gut Knife | Doppler','Doppler','https://steamcommunity-a.akamaihd.net/economy/image/-9a81dlWLwJ2UUGcVs_nsVtzdOEdtWwKGZZLQHTxDZ7I56KU0Zwwo4NUX4oFJZEHLbXH5ApeO4YmlhxYQknCRvCo04DEVlxkKgpovbSsLQJf1ObcTjxP08-3hJCDnuXxDLbQhGld7cxrj-3--YXygED6_BVlZDv3IYLGJAE2aQvX_wW5xLzrhsDqvp7Pynpkv3Ui7XnUzhHmhAYMMLIU9_4nhg/256fx256f',4,6,21,NULL),(54,'Stiletto Knife | ★ StatTrak™ Stiletto Knife','★ StatTrak™ Stiletto Knife','https://steamcommunity-a.akamaihd.net/economy/image/-9a81dlWLwJ2UUGcVs_nsVtzdOEdtWwKGZZLQHTxDZ7I56KU0Zwwo4NUX4oFJZEHLbXU5A1PIYQh5hlcX0nvUOGsx8DdQBJjIAVHubSaIAlp1fb3YilL4NmigI_FxvbxNb6FlWoB7ZEi2e_CrY-mjg3m_xE9YG_xJo6WJwY4Z16C_we2lfCv28HnEtd6yQ/256fx256f',4,6,13,NULL),(55,'Flip Knife | Bright Water','Bright Water','https://steamcommunity-a.akamaihd.net/economy/image/-9a81dlWLwJ2UUGcVs_nsVtzdOEdtWwKGZZLQHTxDZ7I56KU0Zwwo4NUX4oFJZEHLbXH5ApeO4YmlhxYQknCRvCo04DEVlxkKgpovbSsLQJf1f_BYQJK9eO5l4WKmcj_PbLXk1Rd4cJ5nqeX8d-gjg22qEs4YzihJtLEdQc_Y1nV_wLowum605G0vsjMzXA27CMj-z-DyJnxTCcv/256fx256f',4,6,14,NULL),(56,'Glock-18 | Bullet Queen','Bullet Queen','https://steamcommunity-a.akamaihd.net/economy/image/-9a81dlWLwJ2UUGcVs_nsVtzdOEdtWwKGZZLQHTxDZ7I56KU0Zwwo4NUX4oFJZEHLbXH5ApeO4YmlhxYQknCRvCo04DEVlxkKgposbaqKAxf0Ob3djFN79fnzL-cluX5MrLVk2Vu4MBwnPCP8Ymm0Va28xJoMm_yI4_DdgA4ZlGBqFS4lejn1JLp6MnJzXZivnIgtGGdwULaEI79zw/256fx256f',20,6,22,NULL),(57,'Navaja Knife | Case Hardened','Case Hardened','https://steamcommunity-a.akamaihd.net/economy/image/-9a81dlWLwJ2UUGcVs_nsVtzdOEdtWwKGZZLQHTxDZ7I56KU0Zwwo4NUX4oFJZEHLbXH5ApeO4YmlhxYQknCRvCo04DEVlxkKgpovbSsLQJf1OrYYiR95t21n4uFnvHxDLrAqWRY5MB1teTE8YXghRrt_0ZrYGGgLNeQIQI8Z1jY-gW8wO_v1MO4tJWYy3cw6yVw5yuOmkfkn1gSOWn3a0jN/256fx256f',4,6,23,NULL),(58,'M9 Bayonet | ★ StatTrak™ M9 Bayonet','★ StatTrak™ M9 Bayonet','https://steamcommunity-a.akamaihd.net/economy/image/-9a81dlWLwJ2UUGcVs_nsVtzdOEdtWwKGZZLQHTxDZ7I56KU0Zwwo4NUX4oFJZEHLbXU5A1PIYQh5hlcX0nvUOGsx8DdQBJjIAVHubSaIAlp1fb3fGR97t2vm46Og7mlMu6ExzsI7ZVy0rGWrN7w3VDh_RY9Y22nd4fDdAE4NFzUrFjqlL3tm9bi6x2aUKuH/256fx256f',4,6,9,NULL),(59,'Huntsman Knife | Marble Fade','Marble Fade','https://steamcommunity-a.akamaihd.net/economy/image/-9a81dlWLwJ2UUGcVs_nsVtzdOEdtWwKGZZLQHTxDZ7I56KU0Zwwo4NUX4oFJZEHLbXH5ApeO4YmlhxYQknCRvCo04DEVlxkKgpovbSsLQJfx_LLZTRB7dCJlY20mvbmMbfUqW1Q7MBOhuDG_Zi721GyqERqZG_3d4fEIwA8ZV_XrATrxbzr0cC97Z7BySBiuyV04H7dnAv330-db6QRxg/256fx256f',8,6,10,NULL),(60,'AWP | Containment Breach','Containment Breach','https://steamcommunity-a.akamaihd.net/economy/image/-9a81dlWLwJ2UUGcVs_nsVtzdOEdtWwKGZZLQHTxDZ7I56KU0Zwwo4NUX4oFJZEHLbXH5ApeO4YmlhxYQknCRvCo04DEVlxkKgpot621FAR17PLfYQJU5c6jh7-GkvP9JrafwjoBvZAm2bCV8dms3w2y_hdsYTrxcoWQelRqN1rX-Vntw7zq0cO_uYOJlyWFbeTlIw/256fx256f',21,6,6,NULL),(61,'Nomad Knife | Slaughter','Slaughter','https://steamcommunity-a.akamaihd.net/economy/image/-9a81dlWLwJ2UUGcVs_nsVtzdOEdtWwKGZZLQHTxDZ7I56KU0Zwwo4NUX4oFJZEHLbXH5ApeO4YmlhxYQknCRvCo04DEVlxkKgpovbSsLQJf3ObcdTJN_uO3mb-RkvXmMoTdn2xZ_Ity2b6T9NzzigewrUM4MWnzdYDBcwc7aF2GrFW8wb3vhJK-6JTLzCBhpGB8sno8Ty4-/256fx256f',4,6,24,NULL),(62,'Butterfly Knife | Doppler','Doppler','https://steamcommunity-a.akamaihd.net/economy/image/-9a81dlWLwJ2UUGcVs_nsVtzdOEdtWwKGZZLQHTxDZ7I56KU0Zwwo4NUX4oFJZEHLbXH5ApeO4YmlhxYQknCRvCo04DEVlxkKgpovbSsLQJf0ebcZThQ6tCvq4GGqPP7I6vdk3lu-M1wmeyQyoD8j1yg5RVtMmCmctOWJlI-YwyD_VG8w-nohsPt78zKz3Zhsygq4HnczEHk0k5SLrs4Un2yL0k/256fx256f',5,6,5,NULL),(63,'AWP | Hyper Beast','Hyper Beast','https://steamcommunity-a.akamaihd.net/economy/image/-9a81dlWLwJ2UUGcVs_nsVtzdOEdtWwKGZZLQHTxDZ7I56KU0Zwwo4NUX4oFJZEHLbXH5ApeO4YmlhxYQknCRvCo04DEVlxkKgpot621FAR17PLfYQJK9cyzhr-JkvbnJ4Tck29Y_cg_ieuUoI7x0QfsqkE9ajr3cYTEIVBvZVmGrlS-l728gZfuupnOnyQ36z5iuyh_bCiqzQ/256fx256f',3,6,6,NULL),(64,'M9 Bayonet | Tiger Tooth','Tiger Tooth','https://steamcommunity-a.akamaihd.net/economy/image/-9a81dlWLwJ2UUGcVs_nsVtzdOEdtWwKGZZLQHTxDZ7I56KU0Zwwo4NUX4oFJZEHLbXH5ApeO4YmlhxYQknCRvCo04DEVlxkKgpovbSsLQJf3qr3czxb49KzgL-KmcjgOrzUhFRe-sR_jez--YXygED6_0o4ZjildoDBdVA_ZguC-gO9yeq90Je4vZuYwHdguSgm5H7am0TkhAYMMLKzxtQfiA/256fx256f',4,6,9,NULL),(65,'Butterfly Knife | Night','Night','https://steamcommunity-a.akamaihd.net/economy/image/-9a81dlWLwJ2UUGcVs_nsVtzdOEdtWwKGZZLQHTxDZ7I56KU0Zwwo4NUX4oFJZEHLbXH5ApeO4YmlhxYQknCRvCo04DEVlxkKgpovbSsLQJf0ebcZThQ6tCvq5OEqPn9NLPFqWZU7Mxkh6fFpdih2Vbs-RJpYWH7LdfEJA9sYw7R_1C7xe--1JTvu8yfyHFhuXYn-z-DyDd4AnT4/256fx256f',5,6,5,NULL),(66,'Desert Eagle | Light Rail','Light Rail','https://steamcommunity-a.akamaihd.net/economy/image/-9a81dlWLwJ2UUGcVs_nsVtzdOEdtWwKGZZLQHTxDZ7I56KU0Zwwo4NUX4oFJZEHLbXH5ApeO4YmlhxYQknCRvCo04DEVlxkKgposr-kLAtl7PTbTjlH7du6kb-Oj_jLP7LWnn8fsMd1ibCS89333AGxrRE9YmH0I4KdcgA7NQ2GrFi4xru6057qvsvLnWwj5HcdQQ8Quw/256fx256f',10,4,15,NULL),(67,'Desert Eagle | Conspiracy','Conspiracy','https://steamcommunity-a.akamaihd.net/economy/image/-9a81dlWLwJ2UUGcVs_nsVtzdOEdtWwKGZZLQHTxDZ7I56KU0Zwwo4NUX4oFJZEHLbXH5ApeO4YmlhxYQknCRvCo04DEVlxkKgposr-kLAtl7PDdTjlH7du6kb-KguXxJqjummJW4NE_3e_Aotql3QO3qUNpNWugddSdcA9sNFzU8ge_w-6-0JO4vJrIzCZj7z5iuygmT5QrCQ/256fx256f',5,5,15,NULL),(68,'Talon Knife | Marble Fade','Marble Fade','https://steamcommunity-a.akamaihd.net/economy/image/-9a81dlWLwJ2UUGcVs_nsVtzdOEdtWwKGZZLQHTxDZ7I56KU0Zwwo4NUX4oFJZEHLbXH5ApeO4YmlhxYQknCRvCo04DEVlxkKgpovbSsLQJfxPrMfipP7dezhr-Kmsj5MqnTmm5u7sR1j9bW_Ij6n2u4ohQ0J3fyJoTGcVJqZ1nW8lLsl-nrjMK-6ZqdzSBkvyl25nvdlkS0gxFPZudtm7XAHraYUhpC/256fx256f',4,6,20,NULL),(69,'M9 Bayonet | Black Laminate','Black Laminate','https://steamcommunity-a.akamaihd.net/economy/image/-9a81dlWLwJ2UUGcVs_nsVtzdOEdtWwKGZZLQHTxDZ7I56KU0Zwwo4NUX4oFJZEHLbXH5ApeO4YmlhxYQknCRvCo04DEVlxkKgpovbSsLQJf3qr3czxb49KzgL-Igsj5aoTTl3Ju-9F-hOzW9J_9t1mxrxopPnelJoOdIAE8MlnS8wW4kO_tgJPu7snAzCZjvSAh4CuPm0C_iRxPaOY9m7XAHgl2WkGY/256fx256f',4,6,9,NULL),(70,'Huntsman Knife | Slaughter','Slaughter','https://steamcommunity-a.akamaihd.net/economy/image/-9a81dlWLwJ2UUGcVs_nsVtzdOEdtWwKGZZLQHTxDZ7I56KU0Zwwo4NUX4oFJZEHLbXH5ApeO4YmlhxYQknCRvCo04DEVlxkKgpovbSsLQJfx_LLZTRB7dCJlY20jfL2IbrummJW4NE_27uYo4ii3lDn_xVtNmz0J46QcAJtaVjYrFK4xOvngce_tMyYn3Qx7D5iuyi6YsDq_w/256fx256f',8,6,10,NULL),(71,'Karambit | Scorched','Scorched','https://steamcommunity-a.akamaihd.net/economy/image/-9a81dlWLwJ2UUGcVs_nsVtzdOEdtWwKGZZLQHTxDZ7I56KU0Zwwo4NUX4oFJZEHLbXH5ApeO4YmlhxYQknCRvCo04DEVlxkKgpovbSsLQJf2PLacDBA5ciJh5C0k_bkI7fUqWZU7Mxkh6eTo9iijgPsrhdvZWn2Io6UJgY9aVqDr1S5xLi7hZLov8_Om3Yy6CIg-z-DyAa62Qe1/256fx256f',4,6,7,NULL),(72,'Talon Knife | Boreal Forest','Boreal Forest','https://steamcommunity-a.akamaihd.net/economy/image/-9a81dlWLwJ2UUGcVs_nsVtzdOEdtWwKGZZLQHTxDZ7I56KU0Zwwo4NUX4oFJZEHLbXH5ApeO4YmlhxYQknCRvCo04DEVlxkKgpovbSsLQJfxPrMfipP7dezhr-DjsjyPKnUhX9u6spjj-jNyoHwjF2hpl1tY2DydoPDdQU8ZFCEq1bvwejnjMXovZ_IyXE26SUq5y7YzhywhxwZcKUx0swUb-wN/256fx256f',4,6,20,NULL),(73,'Ursus Knife | Doppler','Doppler','https://steamcommunity-a.akamaihd.net/economy/image/-9a81dlWLwJ2UUGcVs_nsVtzdOEdtWwKGZZLQHTxDZ7I56KU0Zwwo4NUX4oFJZEHLbXH5ApeO4YmlhxYQknCRvCo04DEVlxkKgpovbSsLQJfxuHbZC597dGJhpWJjsj5MqnTmm5Y8sB1teXI8oThxlDtrRdtammhJI6WdVNoZA3U8gC-ye3sjZe175rNyCBnuiEh5nyLmxCpwUYbZYr74y0/256fx256f',4,6,19,NULL),(74,'AK-47 | Case Hardened','Case Hardened','https://steamcommunity-a.akamaihd.net/economy/image/-9a81dlWLwJ2UUGcVs_nsVtzdOEdtWwKGZZLQHTxDZ7I56KU0Zwwo4NUX4oFJZEHLbXH5ApeO4YmlhxYQknCRvCo04DEVlxkKgpot7HxfDhhwszHeDFH6OO7kYSCgvq6Yu-EwzsIuZIj3uiY99WmiwGx_kc9Zjr6JYHBIwM5MFHX-Fi9w-u-1Ij84soNG54bQA/256fx256f',22,5,12,NULL),(75,'M9 Bayonet | Case Hardened','Case Hardened','https://steamcommunity-a.akamaihd.net/economy/image/-9a81dlWLwJ2UUGcVs_nsVtzdOEdtWwKGZZLQHTxDZ7I56KU0Zwwo4NUX4oFJZEHLbXH5ApeO4YmlhxYQknCRvCo04DEVlxkKgpovbSsLQJf3qr3czxb49KzgL-Khsj7OrfUklRd4cJ5nqeWoI7zjVey8xZlY27wd4aQIFc8YFrV-1m2yLzn0ZK1tJXAn3tjvCYr-z-DyMubhSbn/256fx256f',4,6,9,NULL),(76,'Bayonet | Ultraviolet','Ultraviolet','https://steamcommunity-a.akamaihd.net/economy/image/-9a81dlWLwJ2UUGcVs_nsVtzdOEdtWwKGZZLQHTxDZ7I56KU0Zwwo4NUX4oFJZEHLbXH5ApeO4YmlhxYQknCRvCo04DEVlxkKgpotLu8JAllx8zbfgJS-c6mmIW0mvLwOq7c2G1Qv8R13OuR8I2t0QPh-Rc9N2H7Io_GdlU7NVjW_lPsxu69g8K-v8zXiSw0Yvgo3Co/256fx256f',4,6,4,NULL),(77,'Skeleton Knife | Stained','Stained','https://steamcommunity-a.akamaihd.net/economy/image/-9a81dlWLwJ2UUGcVs_nsVtzdOEdtWwKGZZLQHTxDZ7I56KU0Zwwo4NUX4oFJZEHLbXH5ApeO4YmlhxYQknCRvCo04DEVlxkKgpovbSsLQJfwPjNfThW49KJlZG0kfjmML7VqWZU7Mxkh6eR8Y-njVDlrkBqMGmgJNWQIwE3aA2FqVTrw7y51JLt6puYwXU3uScq-z-DyLKsQJ7r/256fx256f',4,6,25,NULL),(78,'AK-47 | Fuel Injector','Fuel Injector','https://steamcommunity-a.akamaihd.net/economy/image/-9a81dlWLwJ2UUGcVs_nsVtzdOEdtWwKGZZLQHTxDZ7I56KU0Zwwo4NUX4oFJZEHLbXH5ApeO4YmlhxYQknCRvCo04DEVlxkKgpot7HxfDhnwMzJemkV08-jhIWZlP_1IbzUklRc7cF4n-SPpIr33gS1rkJqYGD7J4GQcQY5aFCG-lHrlO650JLv6ZzMziA2vXMgtmGdwULg8tCd0w/256fx256f',17,6,12,NULL),(79,'AK-47 | Point Disarray','Point Disarray','https://steamcommunity-a.akamaihd.net/economy/image/-9a81dlWLwJ2UUGcVs_nsVtzdOEdtWwKGZZLQHTxDZ7I56KU0Zwwo4NUX4oFJZEHLbXH5ApeO4YmlhxYQknCRvCo04DEVlxkKgpot7HxfDhjxszJemkV08y5nY6fqPP9ILrDhGpI18h0juDU-MLx2gKy8xFqMDr2IIORcAU6MlnS_Vjtxu7rhcK-u5-cyXZqsiEg7HnUgVXp1kpd_x09/256fx256f',18,5,12,NULL),(80,'M4A1-S | Decimator','Decimator','https://steamcommunity-a.akamaihd.net/economy/image/-9a81dlWLwJ2UUGcVs_nsVtzdOEdtWwKGZZLQHTxDZ7I56KU0Zwwo4NUX4oFJZEHLbXH5ApeO4YmlhxYQknCRvCo04DEVlxkKgpou-6kejhz2v_Nfz5H_uOxh7-Gw_alDL_UlWJc6dF-mNbN_Iv9nBrhqhVkYTz6LYSScVBtMliB_gDqwuu9h5-7vc_PynVrvXV37HfUyxPmn1gSOa-1kwUB/256fx256f',14,5,2,NULL),(81,'AK-47 | The Empress','The Empress','https://steamcommunity-a.akamaihd.net/economy/image/-9a81dlWLwJ2UUGcVs_nsVtzdOEdtWwKGZZLQHTxDZ7I56KU0Zwwo4NUX4oFJZEHLbXH5ApeO4YmlhxYQknCRvCo04DEVlxkKgpot7HxfDhnwMzJemkV09m7hJKOhOTLP7LWnn8f7p0gjrnDpdvxi1Xn80JqYGygLI_DdQJsMgyC_AO4xb_p0ce66ZXImmwj5Hei5N5mVw/256fx256f',23,6,12,NULL),(82,'M4A4 | Asiimov','Asiimov','https://steamcommunity-a.akamaihd.net/economy/image/-9a81dlWLwJ2UUGcVs_nsVtzdOEdtWwKGZZLQHTxDZ7I56KU0Zwwo4NUX4oFJZEHLbXH5ApeO4YmlhxYQknCRvCo04DEVlxkKgpou-6kejhjxszFJQJD_9W7m5a0n_L1JaKfxG4IvZch2rqT8I6j3wy3_0Q6ZTilIYaRIAc8Y1CC-lm_w-7m1JC46IOJlyXXPchXDw/256fx256f',24,6,11,NULL),(83,'Desert Eagle | Kumicho Dragon','Kumicho Dragon','https://steamcommunity-a.akamaihd.net/economy/image/-9a81dlWLwJ2UUGcVs_nsVtzdOEdtWwKGZZLQHTxDZ7I56KU0Zwwo4NUX4oFJZEHLbXH5ApeO4YmlhxYQknCRvCo04DEVlxkKgposr-kLAtl7PLZTjlH_9mkgIWKkPvxDLDEm2JS4Mp1mOjG-oLKhF2zowdyYmD7I4LAe1c8YQuGqwK6yLu518O96pzMzHUxsyknsHvYnBO0gk4aO_sv26LIOeeP5w/256fx256f',17,5,15,NULL),(84,'AK-47 | Neon Revolution','Neon Revolution','https://steamcommunity-a.akamaihd.net/economy/image/-9a81dlWLwJ2UUGcVs_nsVtzdOEdtWwKGZZLQHTxDZ7I56KU0Zwwo4NUX4oFJZEHLbXH5ApeO4YmlhxYQknCRvCo04DEVlxkKgpot7HxfDhjxszJemkV0924lZKIn-7LP7LWnn8fvsAo0u-R9trzi1bs-hI9NjqiJIXGdwBrNAzW8li4w7jqhcW16cvAzWwj5HdQlBgtMw/256fx256f',25,6,12,NULL),(85,'AWP | BOOM','BOOM','https://steamcommunity-a.akamaihd.net/economy/image/-9a81dlWLwJ2UUGcVs_nsVtzdOEdtWwKGZZLQHTxDZ7I56KU0Zwwo4NUX4oFJZEHLbXH5ApeO4YmlhxYQknCRvCo04DEVlxkKgpot621FA957PHEcDB9_9W7hIyOqPv9NLPF2G5VuZQl072WodSkjQTn_UU-YTqncYaccFc2NQyBqVXqxuzqhZG7uc_XiSw0f3y6kYU/256fx256f',26,5,6,NULL),(86,'Gut Knife | Rust Coat','Rust Coat','https://steamcommunity-a.akamaihd.net/economy/image/-9a81dlWLwJ2UUGcVs_nsVtzdOEdtWwKGZZLQHTxDZ7I56KU0Zwwo4NUX4oFJZEHLbXH5ApeO4YmlhxYQknCRvCo04DEVlxkKgpovbSsLQJf1ObcTjxT08-ikYWHqPz6Or3UqWNU6dNoxL2Q8Yik3Vfg-ERuZG31LdDGJlQ_MArQ-Vm8wL_mh8To7ZTPyXo1unI8pSGKsdR75mI/256fx256f',4,6,21,NULL),(87,'Butterfly Knife | Ultraviolet','Ultraviolet','https://steamcommunity-a.akamaihd.net/economy/image/-9a81dlWLwJ2UUGcVs_nsVtzdOEdtWwKGZZLQHTxDZ7I56KU0Zwwo4NUX4oFJZEHLbXH5ApeO4YmlhxYQknCRvCo04DEVlxkKgpovbSsLQJf0ebcZThQ6tCvq5OEqOfhIavdk1Rc7cF4n-SP9IqkjVDl-EJrMW-nLIeWIFBoZFCG_we6l726gpW0tZ3JznsyviB04WGdwUJGLt8bkg/256fx256f',5,6,5,NULL),(88,'Talon Knife | Fade','Fade','https://steamcommunity-a.akamaihd.net/economy/image/-9a81dlWLwJ2UUGcVs_nsVtzdOEdtWwKGZZLQHTxDZ7I56KU0Zwwo4NUX4oFJZEHLbXH5ApeO4YmlhxYQknCRvCo04DEVlxkKgpovbSsLQJfxPrMfipP7dezhr-KlsjyMr_UqWdY781lxLyV9t720ADlrkdoMmv0LdOVcgc2ZluG8lHoyObojZ65u5XJmyBivyY8pSGKXDuk4zw/256fx256f',4,6,20,NULL),(89,'AWP | Fever Dream','Fever Dream','https://steamcommunity-a.akamaihd.net/economy/image/-9a81dlWLwJ2UUGcVs_nsVtzdOEdtWwKGZZLQHTxDZ7I56KU0Zwwo4NUX4oFJZEHLbXH5ApeO4YmlhxYQknCRvCo04DEVlxkKgpot621FAR17PLfYQJS_8W1nI-bluP8DLfYkWNFppQgj7yV9Nqi2Fbj_Eo5Ym72I9XGJwc2NAnS_1Pqxu6615W575uYznd9-n51iddPieY/256fx256f',14,5,6,NULL),(90,'SSG 08 | Blood in the Water','Blood in the Water','https://steamcommunity-a.akamaihd.net/economy/image/-9a81dlWLwJ2UUGcVs_nsVtzdOEdtWwKGZZLQHTxDZ7I56KU0Zwwo4NUX4oFJZEHLbXH5ApeO4YmlhxYQknCRvCo04DEVlxkKgpopamie19f0Ob3YjVD_teJmImMn-O6Y-uJxzlSupVw0rCXrdii2AXnqUM9YWDyJ9eUdABoZwqB-FO-kOzqjYj84sqeBRQLNw/256fx256f',27,6,26,NULL),(91,'Shadow Daggers | Case Hardened','Case Hardened','https://steamcommunity-a.akamaihd.net/economy/image/-9a81dlWLwJ2UUGcVs_nsVtzdOEdtWwKGZZLQHTxDZ7I56KU0Zwwo4NUX4oFJZEHLbXH5ApeO4YmlhxYQknCRvCo04DEVlxkKgpovbSsLQJfw-bbeQJD_eO5nYyOk8j5Nr_Yg2YfuZdyi-2Q9tX221Lh-xdoZD2gItCQeg89ZFyE-AfowOm8hZG5upufwGwj5HdLopqzvg/256fx256f',7,6,8,NULL),(92,'M9 Bayonet | Stained','Stained','https://steamcommunity-a.akamaihd.net/economy/image/-9a81dlWLwJ2UUGcVs_nsVtzdOEdtWwKGZZLQHTxDZ7I56KU0Zwwo4NUX4oFJZEHLbXH5ApeO4YmlhxYQknCRvCo04DEVlxkKgpovbSsLQJf3qr3czxb49KzgL-KhsjyPKnSk29u5cB1g_zMu47wjASxrxFuNjqnIIaUJ1U9NVuErlC5wubqh5C1u5TLz3tkunIr43rD30vgMsLi334/256fx256f',4,6,9,NULL),(93,'Karambit | Doppler','Doppler','https://steamcommunity-a.akamaihd.net/economy/image/-9a81dlWLwJ2UUGcVs_nsVtzdOEdtWwKGZZLQHTxDZ7I56KU0Zwwo4NUX4oFJZEHLbXH5ApeO4YmlhxYQknCRvCo04DEVlxkKgpovbSsLQJf2PLacDBA5ciJlY20k_jkI7fUhFRB4MRij7j--YXygED6-kU_Y2HyLYaXeldoZFHYqFa5w-btg8W-7s7PzndkuyJz5CvYzkO0hgYMMLK4xIyRWw/256fx256f',4,6,7,NULL),(94,'Karambit | Case Hardened','Case Hardened','https://steamcommunity-a.akamaihd.net/economy/image/-9a81dlWLwJ2UUGcVs_nsVtzdOEdtWwKGZZLQHTxDZ7I56KU0Zwwo4NUX4oFJZEHLbXH5ApeO4YmlhxYQknCRvCo04DEVlxkKgpovbSsLQJf2PLacDBA5ciJlZG0mP74Nr_unm5Q_tw_0ruVpoih0AK1_UNoZzr2cdPDJgNtMl3TrwLvxu_ojJXutcvIynoy6D5iuyjQTohjUw/256fx256f',4,6,7,NULL),(95,'USP-S | Orion','Orion','https://steamcommunity-a.akamaihd.net/economy/image/-9a81dlWLwJ2UUGcVs_nsVtzdOEdtWwKGZZLQHTxDZ7I56KU0Zwwo4NUX4oFJZEHLbXH5ApeO4YmlhxYQknCRvCo04DEVlxkKgpoo6m1FBRp3_bGcjhQ09-jq5WYh8jnI7LFkGJD7fp9g-7J4cKt0Ae280RrMmGiIYHGe1JqYFnS8ge8xOvv0cLoupTNnXtms3Yh5HrdgVXp1tiSOwO6/256fx256f',8,5,16,NULL),(96,'AWP | Wildfire','Wildfire','https://steamcommunity-a.akamaihd.net/economy/image/-9a81dlWLwJ2UUGcVs_nsVtzdOEdtWwKGZZLQHTxDZ7I56KU0Zwwo4NUX4oFJZEHLbXH5ApeO4YmlhxYQknCRvCo04DEVlxkKgpot621FAR17PLfYQJV5dCykomZksj5Nr_Yg2Yf65wl0uiS9N6jjAS1_BZpZzymLYPBdFdrZArR81G5wLq6gcW_uJicmGwj5HdWJZ3WHA/256fx256f',28,6,6,NULL),(97,'M9 Bayonet | Fade','Fade','https://steamcommunity-a.akamaihd.net/economy/image/-9a81dlWLwJ2UUGcVs_nsVtzdOEdtWwKGZZLQHTxDZ7I56KU0Zwwo4NUX4oFJZEHLbXH5ApeO4YmlhxYQknCRvCo04DEVlxkKgpovbSsLQJf3qr3czxb49KzgL-KlsjyMr_UqWdY781lxL-Xpd6ijge1_EVvMmGhJNedew43ZA7TqAXqxOvrjZPovpydwSYw7nE8pSGKgyjY_DU/256fx256f',4,6,9,NULL),(98,'AK-47 | Black Laminate','Black Laminate','https://steamcommunity-a.akamaihd.net/economy/image/-9a81dlWLwJ2UUGcVs_nsVtzdOEdtWwKGZZLQHTxDZ7I56KU0Zwwo4NUX4oFJZEHLbXH5ApeO4YmlhxYQknCRvCo04DEVlxkKgpot7HxfDhoyszJemkV4N27q4KcqPrxN7LEmyUDsJIh27-YpYmmiVDm_UFuZ2vzJYPDJlRsYw2C8lC5w-fu0Je_6ZrB1zI97TOUU9Z0/256fx256f',29,3,12,NULL),(99,'Falchion Knife | Doppler','Doppler','https://steamcommunity-a.akamaihd.net/economy/image/-9a81dlWLwJ2UUGcVs_nsVtzdOEdtWwKGZZLQHTxDZ7I56KU0Zwwo4NUX4oFJZEHLbXH5ApeO4YmlhxYQknCRvCo04DEVlxkKgpovbSsLQJf1fLEcjVL49KJlY20hPbkI7PYhG5u5cRjiOXE_JbwjGu4ohQ0J3f6cYSWJAY8MAvV-1G9lO66gZW16pvIySFquichtHuIlkGy0xxPb7M9m7XAHmOSF-ns/256fx256f',3,6,3,NULL),(100,'Talon Knife | Tiger Tooth','Tiger Tooth','https://steamcommunity-a.akamaihd.net/economy/image/-9a81dlWLwJ2UUGcVs_nsVtzdOEdtWwKGZZLQHTxDZ7I56KU0Zwwo4NUX4oFJZEHLbXH5ApeO4YmlhxYQknCRvCo04DEVlxkKgpovbSsLQJfxPrMfipP7dezhr-KmcjgOrzUhFRe-sR_jez--YXygED6rUo_Zj32I4XEc1A8YQqBrFm_yefn0cS7u8mfmHQ17iAn5niPzRy11wYMMLKgzlhJog/256fx256f',4,6,20,NULL),(101,'Survival Knife | Slaughter','Slaughter','https://steamcommunity-a.akamaihd.net/economy/image/-9a81dlWLwJ2UUGcVs_nsVtzdOEdtWwKGZZLQHTxDZ7I56KU0Zwwo4NUX4oFJZEHLbXH5ApeO4YmlhxYQknCRvCo04DEVlxkKgpovbSsLQJf0PLGeC597dGJjoWJhfbLP7LWnn8fscEmjLrCoYik2VXg-ENqNm-mI46VcFVtZg2GrlLtl7q7hsO57ZzMzmwj5HeZC0yaOA/256fx256f',4,6,27,NULL),(102,'SSG 08 | Dragonfire','Dragonfire','https://steamcommunity-a.akamaihd.net/economy/image/-9a81dlWLwJ2UUGcVs_nsVtzdOEdtWwKGZZLQHTxDZ7I56KU0Zwwo4NUX4oFJZEHLbXH5ApeO4YmlhxYQknCRvCo04DEVlxkKgpopamie19f0Ob3Yi5FvISJkJKKkPj6NbLDk1RC68phj9bN_Iv9nBrg80FkZmGgLdKVeg46ZFyC_lPrxO25hZTotZ_OmHphuiNx43aJyUa1n1gSOaKu3f6c/256fx256f',9,6,26,NULL),(103,'M9 Bayonet | Gamma Doppler','Gamma Doppler','https://steamcommunity-a.akamaihd.net/economy/image/-9a81dlWLwJ2UUGcVs_nsVtzdOEdtWwKGZZLQHTxDZ7I56KU0Zwwo4NUX4oFJZEHLbXH5ApeO4YmlhxYQknCRvCo04DEVlxkKgpovbSsLQJf3qr3czxb49KzgL-KmsjzMrbcl1RV59VhhuzTypz9iUex-SwwOj6rYJiRcg8-Z13Trlm5w--60ZS96szJzidn6ygi5yvamUPk0kxJb7E6hqaZVxzAUK6TGQbC/256fx256f',4,6,9,NULL),(104,'M4A1-S | Hot Rod','Hot Rod','https://steamcommunity-a.akamaihd.net/economy/image/-9a81dlWLwJ2UUGcVs_nsVtzdOEdtWwKGZZLQHTxDZ7I56KU0Zwwo4NUX4oFJZEHLbXH5ApeO4YmlhxYQknCRvCo04DEVlxkKgpou-6kejhz2v_Nfz5H_uO3mr-ZkvPLPu_Qx3hu5Mx2gv2P8I-g0VHtqUNlNmimLdCRdFdoYFCErwC4xLu6jJbpuc-dnydq73Jw5GGdwULhEbgmIQ/256fx256f',30,5,2,NULL),(105,'Survival Knife | Fade','Fade','https://steamcommunity-a.akamaihd.net/economy/image/-9a81dlWLwJ2UUGcVs_nsVtzdOEdtWwKGZZLQHTxDZ7I56KU0Zwwo4NUX4oFJZEHLbXH5ApeO4YmlhxYQknCRvCo04DEVlxkKgpovbSsLQJf0PLGeC597d2JkoGPksj4OrzZgiUIup0m3OrHpt7xjQ3grRE4a22hLdPGcwBoZVjVqwfvx-bqjcO6vc_M1zI97Zq6-M4l/256fx256f',4,6,27,NULL),(106,'M4A4 | Neo-Noir','Neo-Noir','https://steamcommunity-a.akamaihd.net/economy/image/-9a81dlWLwJ2UUGcVs_nsVtzdOEdtWwKGZZLQHTxDZ7I56KU0Zwwo4NUX4oFJZEHLbXH5ApeO4YmlhxYQknCRvCo04DEVlxkKgpou-6kejhjxszFJTwW09Kzm7-FmP7mDLbUkmJE5YsliLqYrNql3Qy2qEBqZm7wcY_BJA5qZQrQ_FK4xb3uh8C56pvMmiBmpGB8slvVzAVE/256fx256f',31,6,11,NULL),(107,'Stiletto Knife | Doppler','Doppler','https://steamcommunity-a.akamaihd.net/economy/image/-9a81dlWLwJ2UUGcVs_nsVtzdOEdtWwKGZZLQHTxDZ7I56KU0Zwwo4NUX4oFJZEHLbXH5ApeO4YmlhxYQknCRvCo04DEVlxkKgpovbSsLQJfwOfBfThW-NOJlY20k_jkI7fUhFRB4MRij7r--YXygED6r0ZqZGv2JtKXJgc-ZlCG_1C2wOa6gZe4vs-cmyFrvyUr5S2LzRO10AYMMLIC5GArWw/256fx256f',4,6,13,NULL),(108,'Bowie Knife | Damascus Steel','Damascus Steel','https://steamcommunity-a.akamaihd.net/economy/image/-9a81dlWLwJ2UUGcVs_nsVtzdOEdtWwKGZZLQHTxDZ7I56KU0Zwwo4NUX4oFJZEHLbXH5ApeO4YmlhxYQknCRvCo04DEVlxkKgpovbSsLQJfwObaZzRU7dCJlo-cnvLLMqrukmpc6dZyn_r-rNzKhF2zowdyMWzwJICTeg48ZlHQ8lC7k7_ugMC5vJWYmnBlsnYg7CyJmUbi1U5OP_sv26J6isl_AQ/256fx256f',17,6,18,NULL),(109,'Ursus Knife | Case Hardened','Case Hardened','https://steamcommunity-a.akamaihd.net/economy/image/-9a81dlWLwJ2UUGcVs_nsVtzdOEdtWwKGZZLQHTxDZ7I56KU0Zwwo4NUX4oFJZEHLbXH5ApeO4YmlhxYQknCRvCo04DEVlxkKgpovbSsLQJfxuHbZC597c2Jm4mHkvPLP7LWnn8fvZYg3LuWrdqijgXsrRBoMmCmco6WIA88ZlzQrli4kurvjJ-_upmdn2wj5HesNJVm7Q/256fx256f',4,6,19,NULL),(110,'Bowie Knife | Urban Masked','Urban Masked','https://steamcommunity-a.akamaihd.net/economy/image/-9a81dlWLwJ2UUGcVs_nsVtzdOEdtWwKGZZLQHTxDZ7I56KU0Zwwo4NUX4oFJZEHLbXH5ApeO4YmlhxYQknCRvCo04DEVlxkKgpovbSsLQJfwObaZzRU7dCJlo-cnvLLIKvugmpB7fpkmOvA-7P9jVWisl1sMGqiIdOWeg47YVyCrle7we3phcLpvpnAyCBk6XMnt37Vm0G3iB5JcKUx0suBKnOT/256fx256f',17,6,18,NULL),(111,'Shadow Daggers | Night','Night','https://steamcommunity-a.akamaihd.net/economy/image/-9a81dlWLwJ2UUGcVs_nsVtzdOEdtWwKGZZLQHTxDZ7I56KU0Zwwo4NUX4oFJZEHLbXH5ApeO4YmlhxYQknCRvCo04DEVlxkKgpovbSsLQJfw-bbeQJR4-O4nYeDg8j5Nr_Yg2Yfv8Ah3L3E8dujjga3qRU9amH0I9OVelM-MlqCqQK3wOi70ZHo6MydwWwj5HfVytjphg/256fx256f',7,6,8,NULL),(112,'Ursus Knife | Slaughter','Slaughter','https://steamcommunity-a.akamaihd.net/economy/image/-9a81dlWLwJ2UUGcVs_nsVtzdOEdtWwKGZZLQHTxDZ7I56KU0Zwwo4NUX4oFJZEHLbXH5ApeO4YmlhxYQknCRvCo04DEVlxkKgpovbSsLQJfxuHbZC597dGJjoWJhfbLP7LWnn8fsMB037_HoYn3jQbh-UQ4Nzv2I46cJAJrZgqF-VK7w-bohsC5tZqfmGwj5HeNK_nGag/256fx256f',4,6,19,NULL),(113,'Skeleton Knife | ★ Skeleton Knife','★ Skeleton Knife','https://steamcommunity-a.akamaihd.net/economy/image/-9a81dlWLwJ2UUGcVs_nsVtzdOEdtWwKGZZLQHTxDZ7I56KU0Zwwo4NUX4oFJZEHLbXU5A1PIYQh5hlcX0nvUOGsx8DdQBJjIAVHubSaIAlp1fb3YjZH4Nmim47FxvH3Z-uAlzMFvJUh0uvC9I2t0VLs-EttMDumI9SQdwZvYV3R_FG3lfCv28Fh7LHQAw/256fx256f',4,6,25,NULL),(114,'AWP | Graphite','Graphite','https://steamcommunity-a.akamaihd.net/economy/image/-9a81dlWLwJ2UUGcVs_nsVtzdOEdtWwKGZZLQHTxDZ7I56KU0Zwwo4NUX4oFJZEHLbXH5ApeO4YmlhxYQknCRvCo04DEVlxkKgpot621FAZt7PDaZDBS4NmJlpKKgfjLP7LWnn8fvcMk0-3Ep96ijAbs-xVvMGqhJ4_DI1M5NFzZqwK_xe3shp7v7Ziby2wj5HdqUaxXFQ/256fx256f',32,5,6,NULL),(115,'Butterfly Knife | Crimson Web','Crimson Web','https://steamcommunity-a.akamaihd.net/economy/image/-9a81dlWLwJ2UUGcVs_nsVtzdOEdtWwKGZZLQHTxDZ7I56KU0Zwwo4NUX4oFJZEHLbXH5ApeO4YmlhxYQknCRvCo04DEVlxkKgpovbSsLQJf0ebcZThQ6tCvq4iSqODxMajunm5Q_tw_0-qXooihjlDn_BFrMTv0IYOTcgNrMg3X-VS8lem51sK06MnOmnc2uz5iuyg5qOWpaw/256fx256f',5,6,5,NULL),(116,'Gut Knife | Forest DDPAT','Forest DDPAT','https://steamcommunity-a.akamaihd.net/economy/image/-9a81dlWLwJ2UUGcVs_nsVtzdOEdtWwKGZZLQHTxDZ7I56KU0Zwwo4NUX4oFJZEHLbXH5ApeO4YmlhxYQknCRvCo04DEVlxkKgpovbSsLQJf1ObcTjVb09iyhIGfqPrxN7LEmyUAvJd0jr_Fo9qm2wzh-kc6MG_wIYfAd1I-Yl6DrlW9w-7t05C16MvJ1zI97Vtn7S6A/256fx256f',4,6,21,NULL),(117,'AK-47 | Hydroponic','Hydroponic','https://steamcommunity-a.akamaihd.net/economy/image/-9a81dlWLwJ2UUGcVs_nsVtzdOEdtWwKGZZLQHTxDZ7I56KU0Zwwo4NUX4oFJZEHLbXH5ApeO4YmlhxYQknCRvCo04DEVlxkKgpot7HxfDhh3szKcDBA49OJnpWFkPvxDLbUkmJE5YsoibiSrY6m2lbi_Ec4Y2z0dY6ccgJsaF3Q-gK_k-e9h5_qtMnOnSM1pGB8svbIhxYt/256fx256f',33,5,12,NULL),(118,'AUG | Sweeper','Sweeper','https://steamcommunity-a.akamaihd.net/economy/image/-9a81dlWLwJ2UUGcVs_nsVtzdOEdtWwKGZZLQHTxDZ7I56KU0Zwwo4NUX4oFJZEHLbXH5ApeO4YmlhxYQknCRvCo04DEVlxkKgpot6-iFBRw7P7NYjV9_92wkZSSlfv1MLDummJW4NE_3riWo9r2jFbs_RBrMW_1JteRIQA9YF6C-Fm4xenqhMW5uJTNySQy7D5iuyjPnxcPTA/256fx256f',34,1,28,NULL),(119,'G3SG1 | High Seas','High Seas','https://steamcommunity-a.akamaihd.net/economy/image/-9a81dlWLwJ2UUGcVs_nsVtzdOEdtWwKGZZLQHTxDZ7I56KU0Zwwo4NUX4oFJZEHLbXH5ApeO4YmlhxYQknCRvCo04DEVlxkKgposem2LFZf1OD3dm5R642JlpWIlPb6Nr7DqWZU7Mxkh6eV9tmgiQfg_xBpYW37I4bGcwJraV3Q-Fbtxee518O1v8uazHtnvCEr-z-DyIvZI2HG/256fx256f',12,4,29,NULL),(120,'Glock-18 | High Beam','High Beam','https://steamcommunity-a.akamaihd.net/economy/image/-9a81dlWLwJ2UUGcVs_nsVtzdOEdtWwKGZZLQHTxDZ7I56KU0Zwwo4NUX4oFJZEHLbXH5ApeO4YmlhxYQknCRvCo04DEVlxkKgposbaqKAxf0vL3ZzhQ-NWxm7-Jm-LxDLfYkWNFppV33uiS8I-t31K1rUJrMTv7IYOSI1c9M13Xq1i3x-7p1MW-uM7NzSd9-n51CmsDOd4/256fx256f',34,2,22,NULL),(121,'Nova | Mandrel','Mandrel','https://steamcommunity-a.akamaihd.net/economy/image/-9a81dlWLwJ2UUGcVs_nsVtzdOEdtWwKGZZLQHTxDZ7I56KU0Zwwo4NUX4oFJZEHLbXH5ApeO4YmlhxYQknCRvCo04DEVlxkKgpouLWzKjhoyszMZD5W_-OxhoWSqPv9NLPF2D5V6Zxw2biT9InxiVHs80tpNT_xcYLBJ1U6YlDXrAS4wOq80JLp6Z7XiSw0uz12ANE/256fx256f',35,1,30,NULL),(122,'M4A4 | Magnesium','Magnesium','https://steamcommunity-a.akamaihd.net/economy/image/-9a81dlWLwJ2UUGcVs_nsVtzdOEdtWwKGZZLQHTxDZ7I56KU0Zwwo4NUX4oFJZEHLbXH5ApeO4YmlhxYQknCRvCo04DEVlxkKgpou-6kejhnwMzFJTwW09--m5CbkuXLNLPehX9u5cB1g_zMu92giQLi_xFtZGD7JY_BJlA5YwvW-wC8kL_rhsfv75jPyiM263Ui4i7D30vgnY5vvjw/256fx256f',11,3,11,NULL),(123,'SG 553 | Aerial','Aerial','https://steamcommunity-a.akamaihd.net/economy/image/-9a81dlWLwJ2UUGcVs_nsVtzdOEdtWwKGZZLQHTxDZ7I56KU0Zwwo4NUX4oFJZEHLbXH5ApeO4YmlhxYQknCRvCo04DEVlxkKgpopb3wflFf0Ob3YjoXuY-JlYWZnvb4DLbUkmJE5YsgiOyX9I2j3lW28ktkNj31coTAcQNqYFGG-Fm2k-zqjZO9vpuaySMxpGB8sqXbOY22/256fx256f',19,3,31,NULL),(124,'MAG-7 | Sonar','Sonar','https://steamcommunity-a.akamaihd.net/economy/image/-9a81dlWLwJ2UUGcVs_nsVtzdOEdtWwKGZZLQHTxDZ7I56KU0Zwwo4NUX4oFJZEHLbXH5ApeO4YmlhxYQknCRvCo04DEVlxkKgpou7uifDhh3szFcDoV09G3mIaEhfrLP7LWnn8fsMQp3eqYrNmg2FXgrUVsajz0J4OSIFQ6N17TrADtl-bph5G17cuamGwj5HefKFtC5g/256fx256f',9,3,32,NULL),(125,'MAC-10 | Fade','Fade','https://steamcommunity-a.akamaihd.net/economy/image/-9a81dlWLwJ2UUGcVs_nsVtzdOEdtWwKGZZLQHTxDZ7I56KU0Zwwo4NUX4oFJZEHLbXH5ApeO4YmlhxYQknCRvCo04DEVlxkKgpou7umeldf0vL3dzxG6eO6nYeDg7miarnVwTtTuMdz27uY9Nn23gPl8kdpY2DzcoOTcQQ8MlvXqFfskrjtm9bi6ymO17SD/256fx256f',30,3,33,NULL),(126,'Glock-18 | Water Elemental','Water Elemental','https://steamcommunity-a.akamaihd.net/economy/image/-9a81dlWLwJ2UUGcVs_nsVtzdOEdtWwKGZZLQHTxDZ7I56KU0Zwwo4NUX4oFJZEHLbXH5ApeO4YmlhxYQknCRvCo04DEVlxkKgposbaqKAxf0Ob3djFN79f7mImagvLnML7fglRc7cF4n-SPrNqm2lbk-kNlMWH7dY-TcVVtNw3UrlO9w-u-15696svOyCdq7nMhtGGdwUKQqhPPUw/256fx256f',5,5,22,NULL),(127,'UMP-45 | Blaze','Blaze','https://steamcommunity-a.akamaihd.net/economy/image/-9a81dlWLwJ2UUGcVs_nsVtzdOEdtWwKGZZLQHTxDZ7I56KU0Zwwo4NUX4oFJZEHLbXH5ApeO4YmlhxYQknCRvCo04DEVlxkKgpoo7e1f1Jf0vL3dzFD4dmlq4yCkP_gfeuCxTMG7pFw2uiV9I-jjlHi-0dvZDygLY-dJw89NQ3QqFK3lOe9jcSi_MOeUg1XNk4/256fx256f',36,3,34,NULL),(128,'M4A1-S | Cyrex','Cyrex','https://steamcommunity-a.akamaihd.net/economy/image/-9a81dlWLwJ2UUGcVs_nsVtzdOEdtWwKGZZLQHTxDZ7I56KU0Zwwo4NUX4oFJZEHLbXH5ApeO4YmlhxYQknCRvCo04DEVlxkKgpou-6kejhz2v_Nfz5H_uO1gb-Gw_alIITSj3lU8Pp8j-3I4IG721Hh_UM_YmilJY7DegI4Nw7Y8we4wO-9hJG76pzImHsy7ygh7HyMnAv330-QA3A95Q/256fx256f',5,6,2,NULL),(129,'AK-47 | Blue Laminate','Blue Laminate','https://steamcommunity-a.akamaihd.net/economy/image/-9a81dlWLwJ2UUGcVs_nsVtzdOEdtWwKGZZLQHTxDZ7I56KU0Zwwo4NUX4oFJZEHLbXH5ApeO4YmlhxYQknCRvCo04DEVlxkKgpot7HxfDhoyszJemkV4N27q4KHgvLLPr7Vn35cppJ02uyUrI2h3wDkrkFsZz-gLdXHIA87MFjTqFm-wevvjcC0tZrPnXp9-n51Y5J6evE/256fx256f',37,4,12,NULL),(130,'M4A1-S | Guardian','Guardian','https://steamcommunity-a.akamaihd.net/economy/image/-9a81dlWLwJ2UUGcVs_nsVtzdOEdtWwKGZZLQHTxDZ7I56KU0Zwwo4NUX4oFJZEHLbXH5ApeO4YmlhxYQknCRvCo04DEVlxkKgpou-6kejhz2v_Nfz5H_uO1gb-Gw_alfqjuk2dU78R_ntbM8Ij8nVn6_UQ_MWH7LYaWJgI9NwnT_FW2w-fogZHvusvNmiA26SgnsSvUlxS00AYMMLIVSXfvGg/256fx256f',24,5,2,NULL),(131,'Flip Knife | Gamma Doppler','Gamma Doppler','https://steamcommunity-a.akamaihd.net/economy/image/-9a81dlWLwJ2UUGcVs_nsVtzdOEdtWwKGZZLQHTxDZ7I56KU0Zwwo4NUX4oFJZEHLbXH5ApeO4YmlhxYQknCRvCo04DEVlxkKgpovbSsLQJf1f_BYQJD4eOxlY2GlsjwPKvBmm5D19V5i_rEpLP5gVO8v11rMT_6JtWUcwE2ZVmF_1S9wurv18W5752dyXBlvHNw4XrVzRy1gxxFcKUx0qdLIRFw/256fx256f',4,6,14,NULL),(132,'Falchion Knife | Marble Fade','Marble Fade','https://steamcommunity-a.akamaihd.net/economy/image/-9a81dlWLwJ2UUGcVs_nsVtzdOEdtWwKGZZLQHTxDZ7I56KU0Zwwo4NUX4oFJZEHLbXH5ApeO4YmlhxYQknCRvCo04DEVlxkKgpovbSsLQJf1fLEcjVL49KJlY20mvbmMbfUqW1Q7MBOhuDG_Zi73gPk-RZsYjr1LdTHJlI-ZFiFrlO5yOjrhp656cyfzHU17ikksXralgv3308bb2-Obg/256fx256f',3,6,3,NULL),(133,'Flip Knife | Lore','Lore','https://steamcommunity-a.akamaihd.net/economy/image/-9a81dlWLwJ2UUGcVs_nsVtzdOEdtWwKGZZLQHTxDZ7I56KU0Zwwo4NUX4oFJZEHLbXH5ApeO4YmlhxYQknCRvCo04DEVlxkKgpovbSsLQJf1f_BYQJB-eOwmImbqPv7Ib7um25V4dB8xOyW9N-k0Abl_hZqMGzyJIfDdgBoZwzS_wC9yejq05TvtZTMwXNmu3E8pSGK8kGis8E/256fx256f',4,6,14,NULL),(134,'Dual Berettas | Cartel','Cartel','https://steamcommunity-a.akamaihd.net/economy/image/-9a81dlWLwJ2UUGcVs_nsVtzdOEdtWwKGZZLQHTxDZ7I56KU0Zwwo4NUX4oFJZEHLbXH5ApeO4YmlhxYQknCRvCo04DEVlxkKgpos7asPwJf0uL3dShD4N6zhoWfg_bnDLjQhH9U5Pp8j-3I4IG7ilfj_RBrZDzyJoOdcgI9aVvWqAToxe3mg8Tv78zLynAw6CMl4XzYyQv330_FBz5Big/256fx256f',17,3,35,NULL),(135,'AWP | Man-o\'-war','Man-o\'-war','https://steamcommunity-a.akamaihd.net/economy/image/-9a81dlWLwJ2UUGcVs_nsVtzdOEdtWwKGZZLQHTxDZ7I56KU0Zwwo4NUX4oFJZEHLbXH5ApeO4YmlhxYQknCRvCo04DEVlxkKgpot621FAZt7PLfYQJF4NOkjb-HnvD8J_WCwjNU6cAhjLzFoYj00ALj-ktkZWHxIoCRelJqZVnZ_QC3yezmhZ-8ot2Xnsiba0rA/256fx256f',15,6,6,NULL),(136,'M9 Bayonet | Blue Steel','Blue Steel','https://steamcommunity-a.akamaihd.net/economy/image/-9a81dlWLwJ2UUGcVs_nsVtzdOEdtWwKGZZLQHTxDZ7I56KU0Zwwo4NUX4oFJZEHLbXH5ApeO4YmlhxYQknCRvCo04DEVlxkKgpovbSsLQJf3qr3czxb49KzgL-Khsj2P67UklRd4cJ5nqfC893wiVHhqUM4Z2ugJNWXdANrNF_XqwXqkrruh5a76c-YziNr6yRw-z-DyPIgs_3X/256fx256f',4,6,9,NULL),(137,'USP-S | Cortex','Cortex','https://steamcommunity-a.akamaihd.net/economy/image/-9a81dlWLwJ2UUGcVs_nsVtzdOEdtWwKGZZLQHTxDZ7I56KU0Zwwo4NUX4oFJZEHLbXH5ApeO4YmlhxYQknCRvCo04DEVlxkKgpoo6m1FBRp3_bGcjhQ09-jq5WYh8j3Jq_ummJW4NE_376S84-tiwHt_0VqZDzwI47DcVNqaFDZ-gLrxea918S5tJucwSY2uj5iuygjNe-uOA/256fx256f',31,5,16,NULL),(138,'AWP | Phobos','Phobos','https://steamcommunity-a.akamaihd.net/economy/image/-9a81dlWLwJ2UUGcVs_nsVtzdOEdtWwKGZZLQHTxDZ7I56KU0Zwwo4NUX4oFJZEHLbXH5ApeO4YmlhxYQknCRvCo04DEVlxkKgpot621FABz7PLfYQJS5NO0m5O0m_7zO6-fkGhQsZMgieqYrI-i2ACy-0o_Z22mItOdcAU5aVzT_gTowbvth5a0u4OJlyU2Brz6WA/256fx256f',19,4,6,NULL),(139,'M4A1-S | Nightmare','Nightmare','https://steamcommunity-a.akamaihd.net/economy/image/-9a81dlWLwJ2UUGcVs_nsVtzdOEdtWwKGZZLQHTxDZ7I56KU0Zwwo4NUX4oFJZEHLbXH5ApeO4YmlhxYQknCRvCo04DEVlxkKgpou-6kejhz2v_Nfz5H_uO1gb-Gw_alIITfn2xZ_MhwmOz--YXygED6_Us5a2DxcdSRJlNqMAzY-li8weu-gMDovJufyHVmuCklsX6PyhTk0wYMMLLeV8xVfw/256fx256f',12,5,2,NULL),(140,'Bayonet | Stained','Stained','https://steamcommunity-a.akamaihd.net/economy/image/-9a81dlWLwJ2UUGcVs_nsVtzdOEdtWwKGZZLQHTxDZ7I56KU0Zwwo4NUX4oFJZEHLbXH5ApeO4YmlhxYQknCRvCo04DEVlxkKgpotLu8JAllx8zJYAJE4861kYS0m_7zO6-fwj0BsZwpie2QrNjz0QSy_UY9NjryJNXGI1NvaV7U_gO6w-rshcDvvIOJlyXidTc8zg/256fx256f',4,6,4,NULL),(141,'SSG 08 | Big Iron','Big Iron','https://steamcommunity-a.akamaihd.net/economy/image/-9a81dlWLwJ2UUGcVs_nsVtzdOEdtWwKGZZLQHTxDZ7I56KU0Zwwo4NUX4oFJZEHLbXH5ApeO4YmlhxYQknCRvCo04DEVlxkKgpopamie19f0Ob3Yi5FvISJgIWIn_n9MLrdn39I18h0juDU-MKsjlaxrkFramyhdoDBJ1c_ZVnQ-1G8w7zmhZe4u5_MyXNivCchtHiJgVXp1kzLClVg/256fx256f',7,5,26,NULL),(142,'P250 | Asiimov','Asiimov','https://steamcommunity-a.akamaihd.net/economy/image/-9a81dlWLwJ2UUGcVs_nsVtzdOEdtWwKGZZLQHTxDZ7I56KU0Zwwo4NUX4oFJZEHLbXH5ApeO4YmlhxYQknCRvCo04DEVlxkKgpopujwezhjxszYI2gS092lnYmGmOHLO77QgHIfvsEg2uvH8Ymk3gDsrRBuNmn7Io7GIVVvZVrZ_VDswO_njJC_7ZzPmGwj5Hf4SMeexA/256fx256f',38,5,17,NULL),(143,'Five-SeveN | Angry Mob','Angry Mob','https://steamcommunity-a.akamaihd.net/economy/image/-9a81dlWLwJ2UUGcVs_nsVtzdOEdtWwKGZZLQHTxDZ7I56KU0Zwwo4NUX4oFJZEHLbXH5ApeO4YmlhxYQknCRvCo04DEVlxkKgposLOzLhRlxfbGTj5X09q_goW0hPLiNrXul2VW-txOhuDG_Zi73QDt80U5a2_yI47AcgI4YwzT_gfrxua9g8S7vpvLwHBruyMn4X6Lmgv3309_I5Y_Wg/256fx256f',10,6,36,NULL),(144,'MP9 | Modest Threat','Modest Threat','https://steamcommunity-a.akamaihd.net/economy/image/-9a81dlWLwJ2UUGcVs_nsVtzdOEdtWwKGZZLQHTxDZ7I56KU0Zwwo4NUX4oFJZEHLbXH5ApeO4YmlhxYQknCRvCo04DEVlxkKgpou6r8FABz7P7YKAJB49C5mpnbxsj4OrzZgiVXsMEo3bCTpN-kigPs_UNuZjj6IobBJlNqMFqFrwO5xrjmgsW5ucjK1zI97d1xtbMt/256fx256f',11,3,37,NULL),(145,'R8 Revolver | Skull Crusher','Skull Crusher','https://steamcommunity-a.akamaihd.net/economy/image/-9a81dlWLwJ2UUGcVs_nsVtzdOEdtWwKGZZLQHTxDZ7I56KU0Zwwo4NUX4oFJZEHLbXH5ApeO4YmlhxYQknCRvCo04DEVlxkKgpopL-zJAt21uH3cih9_tmgm4ydkuXLPKvBhG5C-8pjteHE9JrsxlDkqBFlMDylddKSdQA7N1uDqADrxenqg5LqvJWYznZhsiAg437cnhSpwUYbhV_f5SQ/256fx256f',10,5,38,NULL),(146,'SG 553 | Colony IV','Colony IV','https://steamcommunity-a.akamaihd.net/economy/image/-9a81dlWLwJ2UUGcVs_nsVtzdOEdtWwKGZZLQHTxDZ7I56KU0Zwwo4NUX4oFJZEHLbXH5ApeO4YmlhxYQknCRvCo04DEVlxkKgpopb3wflFf0Ob3YjoXuY-JhoWKlOP7IYTck29Y_cg_iO-Vodis3VDj-xE9MjjyI9XGJgY6YgyD-Fbtw-_nhpa-6Z3Myncw6D5iuyhyjBmukg/256fx256f',21,5,31,NULL),(147,'AWP | Acheron','Acheron','https://steamcommunity-a.akamaihd.net/economy/image/-9a81dlWLwJ2UUGcVs_nsVtzdOEdtWwKGZZLQHTxDZ7I56KU0Zwwo4NUX4oFJZEHLbXH5ApeO4YmlhxYQknCRvCo04DEVlxkKgpot621FA957P3dcjFH7c6Jh4uem_vnDKnUkmld_cBOhuDG_Zi73gTlqhJuYD_6LYDGdg4-Z1zQrFW9yLvvgMC-vJmazCA3vXZzsy7Zlgv3308OIiH5Ag/256fx256f',35,3,6,NULL),(148,'UMP-45 | Arctic Wolf','Arctic Wolf','https://steamcommunity-a.akamaihd.net/economy/image/-9a81dlWLwJ2UUGcVs_nsVtzdOEdtWwKGZZLQHTxDZ7I56KU0Zwwo4NUX4oFJZEHLbXH5ApeO4YmlhxYQknCRvCo04DEVlxkKgpoo7e1f1Jf0Ob3ZDBSuImJg4iCg_LLNbrfkVRd4cJ5nqfHo9_02QSw_hY5YmGmJ4aRd1dqNwyDrFi4wrzmhZC77p6bySNl6CQq-z-DyN1nM0Y5/256fx256f',31,4,34,NULL),(149,'AWP | Mortis','Mortis','https://steamcommunity-a.akamaihd.net/economy/image/-9a81dlWLwJ2UUGcVs_nsVtzdOEdtWwKGZZLQHTxDZ7I56KU0Zwwo4NUX4oFJZEHLbXH5ApeO4YmlhxYQknCRvCo04DEVlxkKgpot621FABz7PLfYQJG6d2inL-HnvD8J_WAz2lV7cAh3uyX9Nz33FXnqUs6a2rxctKdJ1c_aQ6Fq1DrxOvn05Tpot2XnvIeBIAw/256fx256f',31,5,6,NULL),(150,'Desert Eagle | Crimson Web','Crimson Web','https://steamcommunity-a.akamaihd.net/economy/image/-9a81dlWLwJ2UUGcVs_nsVtzdOEdtWwKGZZLQHTxDZ7I56KU0Zwwo4NUX4oFJZEHLbXH5ApeO4YmlhxYQknCRvCo04DEVlxkKgposr-kLAtl7PvRTipH7s-JkIGZnPLmDLbUkmJE5Yty2buWpdSj3wLh_xJqZ2jzI4GXcAFqZAmEq1m2x-3ugcLo7pTNnXRqpGB8srjY31Wz/256fx256f',39,4,15,NULL),(151,'MP7 | Whiteout','Whiteout','https://steamcommunity-a.akamaihd.net/economy/image/-9a81dlWLwJ2UUGcVs_nsVtzdOEdtWwKGZZLQHTxDZ7I56KU0Zwwo4NUX4oFJZEHLbXH5ApeO4YmlhxYQknCRvCo04DEVlxkKgpou6ryFBRv7OTAeClH48miq42Ok_7hPvXTlDkHvpF13LrAoNmjjlbl8kE5Mm31LNXAJgc9ZljW-Fjrx7y9057uot2XnvyrKgYE/256fx256f',40,3,39,NULL),(152,'CZ75-Auto | Nitro','Nitro','https://steamcommunity-a.akamaihd.net/economy/image/-9a81dlWLwJ2UUGcVs_nsVtzdOEdtWwKGZZLQHTxDZ7I56KU0Zwwo4NUX4oFJZEHLbXH5ApeO4YmlhxYQknCRvCo04DEVlxkKgpotaDyfgZfwPz3fi9D4tuzq4GIlPL6J6iDqWdY781lxLGVoY7x3lDk-hA5ZDr1LYKddAU8ZguFqFW6k-jq157vu86azXs1uHQ8pSGKeLV-W1Y/256fx256f',41,3,40,NULL),(153,'USP-S | Guardian','Guardian','https://steamcommunity-a.akamaihd.net/economy/image/-9a81dlWLwJ2UUGcVs_nsVtzdOEdtWwKGZZLQHTxDZ7I56KU0Zwwo4NUX4oFJZEHLbXH5ApeO4YmlhxYQknCRvCo04DEVlxkKgpoo6m1FBRp3_bGcjhQ09-jq5WYh8jxP77Wl2VF18l4jeHVu9Wh3gzlqRU6NmqhINXDelA9MliBr1O_kLjuh5Dt7sjLnyBlviJ0syvD30vgdbWoQSw/256fx256f',16,4,16,NULL),(154,'AWP | Safari Mesh','Safari Mesh','https://steamcommunity-a.akamaihd.net/economy/image/-9a81dlWLwJ2UUGcVs_nsVtzdOEdtWwKGZZLQHTxDZ7I56KU0Zwwo4NUX4oFJZEHLbXH5ApeO4YmlhxYQknCRvCo04DEVlxkKgpot621FBRw7P7NYjV9-N24q42Ok_7hPvXXlGkBsJ1z2b6Rp9302gLm-Uo-am2lItXBegFraV7T-FHtkOq-1sW8ot2Xnl-RcvNU/256fx256f',42,2,6,NULL),(155,'Desert Eagle | Oxide Blaze','Oxide Blaze','https://steamcommunity-a.akamaihd.net/economy/image/-9a81dlWLwJ2UUGcVs_nsVtzdOEdtWwKGZZLQHTxDZ7I56KU0Zwwo4NUX4oFJZEHLbXH5ApeO4YmlhxYQknCRvCo04DEVlxkKgposr-kLAtl7PDdTjlH_9mkgL-OlvD4NoTSmXlD58F0hNbM8Ij8nVn680E_ZDvwdo-Re1RtYA3W_gLrk-rngMC8upTJmHFmsiErs3jfnxe11wYMMLJe6xiBeg/256fx256f',14,3,15,NULL),(156,'Desert Eagle | Night','Night','https://steamcommunity-a.akamaihd.net/economy/image/-9a81dlWLwJ2UUGcVs_nsVtzdOEdtWwKGZZLQHTxDZ7I56KU0Zwwo4NUX4oFJZEHLbXH5ApeO4YmlhxYQknCRvCo04DEVlxkKgposr-kLAtl7ODHTjNL69Siq42Ok_7hPvXSlT0Ev5Ami7-VoNv0iVfs-RZoZjqmcoKXd1dsZVHX81S5xu_th5bpot2XngIxs5Tn/256fx256f',30,2,15,NULL),(157,'Glock-18 | Candy Apple','Candy Apple','https://steamcommunity-a.akamaihd.net/economy/image/-9a81dlWLwJ2UUGcVs_nsVtzdOEdtWwKGZZLQHTxDZ7I56KU0Zwwo4NUX4oFJZEHLbXH5ApeO4YmlhxYQknCRvCo04DEVlxkKgposbaqKAxfwPz3YzhG09GzkImemrn2Y-3SwjwCsZMgjLrErN-m0FLj8xc6a2_wddeTdFU-YAmF_lS9w-m-m9bi65SA5Hrx/256fx256f',43,3,22,NULL),(158,'SSG 08 | Abyss','Abyss','https://steamcommunity-a.akamaihd.net/economy/image/-9a81dlWLwJ2UUGcVs_nsVtzdOEdtWwKGZZLQHTxDZ7I56KU0Zwwo4NUX4oFJZEHLbXH5ApeO4YmlhxYQknCRvCo04DEVlxkKgpopamie19f0uL3fThU5d2inIGFqPv9NLPF2DtVuMZ03ruU99mm3wDi_0E4Yz3yctTDJgZtYQ2D_FK6lLzngJG86s_XiSw0q3P5_qg/256fx256f',5,3,26,NULL),(159,'SSG 08 | Bloodshot','Bloodshot','https://steamcommunity-a.akamaihd.net/economy/image/-9a81dlWLwJ2UUGcVs_nsVtzdOEdtWwKGZZLQHTxDZ7I56KU0Zwwo4NUX4oFJZEHLbXH5ApeO4YmlhxYQknCRvCo04DEVlxkKgpopamie19f0Ob3Yi5FvISJgImInPvxIYTck29Y_cg_0uiV89qn0FewqkFsZWr2JoCQIwA2ZArW_lG5kO3ohZHo6czKn3Zr6z5iuyjgNIPrCQ/256fx256f',21,5,26,NULL),(160,'USP-S | Cyrex','Cyrex','https://steamcommunity-a.akamaihd.net/economy/image/-9a81dlWLwJ2UUGcVs_nsVtzdOEdtWwKGZZLQHTxDZ7I56KU0Zwwo4NUX4oFJZEHLbXH5ApeO4YmlhxYQknCRvCo04DEVlxkKgpoo6m1FBRp3_bGcjhQ09-jq5WYh8j3KqnUjlRc7cF4n-SPrYrx2wKxqRY9ZGCgdYSScFJtZAnQ-VDryLjqgJG0uJybz3BgvXQm4mGdwUKgJSXXOg/256fx256f',9,4,16,NULL),(161,'Five-SeveN | Case Hardened','Case Hardened','https://steamcommunity-a.akamaihd.net/economy/image/-9a81dlWLwJ2UUGcVs_nsVtzdOEdtWwKGZZLQHTxDZ7I56KU0Zwwo4NUX4oFJZEHLbXH5ApeO4YmlhxYQknCRvCo04DEVlxkKgposLOzLhRlxfbGTjxT09O_mIWPqPv9NLPF2G1V6cQh07yVoN-s3gG2-RE5amqlLNfEewZvNFzW8wW3w-i51MW46ZrXiSw0Tr_CS4o/256fx256f',27,4,36,NULL),(162,'AK-47 | Uncharted','Uncharted','https://steamcommunity-a.akamaihd.net/economy/image/-9a81dlWLwJ2UUGcVs_nsVtzdOEdtWwKGZZLQHTxDZ7I56KU0Zwwo4NUX4oFJZEHLbXH5ApeO4YmlhxYQknCRvCo04DEVlxkKgpot7HxfDhjxszJemkV092sgIWIqPrxN7LEmyUI6ZAm3ujCpNymjFWx-0RtNjzzctWVIQdqYg7X81nok7rp0JbpuJ7M1zI97ZAMLLaU/256fx256f',10,3,12,NULL),(163,'Bayonet | Crimson Web','Crimson Web','https://steamcommunity-a.akamaihd.net/economy/image/-9a81dlWLwJ2UUGcVs_nsVtzdOEdtWwKGZZLQHTxDZ7I56KU0Zwwo4NUX4oFJZEHLbXH5ApeO4YmlhxYQknCRvCo04DEVlxkKgpotLu8JAllx8zAaAJV6d6lq42Ok_7hPvXUzjJS6pQki7HFrY-j2QLjqUM9ajqmd9KdcgU3MlzX-1a6xLrtjZG6ot2XngTDR_ke/256fx256f',4,6,4,NULL),(164,'AWP | Electric Hive','Electric Hive','https://steamcommunity-a.akamaihd.net/economy/image/-9a81dlWLwJ2UUGcVs_nsVtzdOEdtWwKGZZLQHTxDZ7I56KU0Zwwo4NUX4oFJZEHLbXH5ApeO4YmlhxYQknCRvCo04DEVlxkKgpot621FA957PvBZzh94dmynZWG2a-hZLrQw29Uu8cki7HE9N6h2w22-ENkYGH3JdKddwdsYFDQ_wS9xrrxxcjrUHmhGtE/256fx256f',37,5,6,NULL),(165,'M4A1-S | Player Two','Player Two','https://steamcommunity-a.akamaihd.net/economy/image/-9a81dlWLwJ2UUGcVs_nsVtzdOEdtWwKGZZLQHTxDZ7I56KU0Zwwo4NUX4oFJZEHLbXH5ApeO4YmlhxYQknCRvCo04DEVlxkKgpou-6kejhz2v_Nfz5H_uO1gb-Gw_alIITShWxeupUl0tbJ8I3jkRrsqUZuNWunIoaUIQE8M1vRrAe9xb3pgMC86JqYzCRguHN0s3-IyhPmn1gSOT1EHZUd/256fx256f',20,6,2,NULL),(166,'Sawed-Off | The Kraken','The Kraken','https://steamcommunity-a.akamaihd.net/economy/image/-9a81dlWLwJ2UUGcVs_nsVtzdOEdtWwKGZZLQHTxDZ7I56KU0Zwwo4NUX4oFJZEHLbXH5ApeO4YmlhxYQknCRvCo04DEVlxkKgpopbuyLgNv1fX3cih9_92hkYSEkfHLPLjFmXtE5dVOhuDG_Zi73wLlrxVpamjycdDGdFc3Z1jW-wK5k-3r0JK97Z-fn3Q26SYjsHrVzQv330-41vffvw/256fx256f',24,6,41,NULL),(167,'SG 553 | Bulldozer','Bulldozer','https://steamcommunity-a.akamaihd.net/economy/image/-9a81dlWLwJ2UUGcVs_nsVtzdOEdtWwKGZZLQHTxDZ7I56KU0Zwwo4NUX4oFJZEHLbXH5ApeO4YmlhxYQknCRvCo04DEVlxkKgpopb3wflFfwPz3aDhO4NOhq42Ok_7hPvWFxGoJvpZy2--ZpNWs2lew-0pqNjz3J4bGelNvN1rRqAfrwb_pg5G8ot2Xnh8X1t1T/256fx256f',30,4,31,NULL),(168,'MP5-SD | Phosphor','Phosphor','https://steamcommunity-a.akamaihd.net/economy/image/-9a81dlWLwJ2UUGcVs_nsVtzdOEdtWwKGZZLQHTxDZ7I56KU0Zwwo4NUX4oFJZEHLbXH5ApeO4YmlhxYQknCRvCo04DEVlxkKgpou6rwOANf1OD3fC0X09qzh5SCgfb4DL_Dn3tu5cB1g_zMu9n33waw-hZqMmvxLNLAJwBqYViDrFO8yObugZ_vtZmcyHcw7HYm5CrD30vg0FG2818/256fx256f',11,5,42,NULL),(169,'AWP | Redline','Redline','https://steamcommunity-a.akamaihd.net/economy/image/-9a81dlWLwJ2UUGcVs_nsVtzdOEdtWwKGZZLQHTxDZ7I56KU0Zwwo4NUX4oFJZEHLbXH5ApeO4YmlhxYQknCRvCo04DEVlxkKgpot621FAR17PLfYQJB496klb-GkvP9JrafwDMHscYm3eqTo9jwigLg_Ec6azj7JNfAcARtNwnR-ATvx-fq0564uoOJlyV-UZdEjg/256fx256f',24,5,6,NULL),(170,'Galil AR | Eco','Eco','https://steamcommunity-a.akamaihd.net/economy/image/-9a81dlWLwJ2UUGcVs_nsVtzdOEdtWwKGZZLQHTxDZ7I56KU0Zwwo4NUX4oFJZEHLbXH5ApeO4YmlhxYQknCRvCo04DEVlxkKgposbupIgthwczLZAJF7dC_mL-OlPjLPr7Vn35cppB0iLiSoIiniVHjr0E6MG6mI9TBclBsaFzY81Ptye7vhJC7uZ_Jyid9-n51u5tuXFY/256fx256f',44,5,43,NULL),(171,'Talon Knife | ★ Talon Knife','★ Talon Knife','https://steamcommunity-a.akamaihd.net/economy/image/-9a81dlWLwJ2UUGcVs_nsVtzdOEdtWwKGZZLQHTxDZ7I56KU0Zwwo4NUX4oFJZEHLbXU5A1PIYQh5hlcX0nvUOGsx8DdQBJjIAVHubSaIAlp1fb3ZjRG48u7lYuOhbn1Y-OFxGpVuJFyjuiYp9Wn3AznqUtkam-nJdLGJldoNwmD8wK8lOu6m9bi6xwzqz5_/256fx256f',4,6,20,NULL),(172,'AK-47 | Rat Rod','Rat Rod','https://steamcommunity-a.akamaihd.net/economy/image/-9a81dlWLwJ2UUGcVs_nsVtzdOEdtWwKGZZLQHTxDZ7I56KU0Zwwo4NUX4oFJZEHLbXH5ApeO4YmlhxYQknCRvCo04DEVlxkKgpot7HxfDhnwMzJemkV09K_loKHkuXLPr7Vn35cppN3j-qYoNWn0Fey8hFoazj0ddKWewc8M1_Ur1nqw-i8gZHtuZzKmiN9-n51RnxxtpI/256fx256f',21,4,12,NULL),(173,'Nova | Graphite','Graphite','https://steamcommunity-a.akamaihd.net/economy/image/-9a81dlWLwJ2UUGcVs_nsVtzdOEdtWwKGZZLQHTxDZ7I56KU0Zwwo4NUX4oFJZEHLbXH5ApeO4YmlhxYQknCRvCo04DEVlxkKgpouLWzKjhh3szLYyhP_NCzq4yCkP_gfb6FwGlQ6pV1ibHHrYrw2QS280A_YmGmcI_De1I3aFzV-VS8xubu1MCi_MOe6P-uRMg/256fx256f',27,4,30,NULL),(174,'Desert Eagle | Code Red','Code Red','https://steamcommunity-a.akamaihd.net/economy/image/-9a81dlWLwJ2UUGcVs_nsVtzdOEdtWwKGZZLQHTxDZ7I56KU0Zwwo4NUX4oFJZEHLbXH5ApeO4YmlhxYQknCRvCo04DEVlxkKgposr-kLAtl7PTbTjlH7du6kb-KkPDmNqjCmXlu5cB1g_zMu92ljFDj-kZsYzugI4OcegA_YwvS8gS7wby9g8fvvMjJznRm7yYnt3jD30vgHEZjJVE/256fx256f',12,6,15,NULL),(175,'P90 | Astral Jörmungandr','Astral Jörmungandr','https://steamcommunity-a.akamaihd.net/economy/image/-9a81dlWLwJ2UUGcVs_nsVtzdOEdtWwKGZZLQHTxDZ7I56KU0Zwwo4NUX4oFJZEHLbXH5ApeO4YmlhxYQknCRvCo04DEVlxkKgpopuP1FAZt7PnHYzB97tCjkb-HnvD8J_WFkjoEuZcgj7jAp9Wg2gTmqUdqMW73IYTHclc3Y1-D-lG3kru915W7ot2Xnprrf7F4/256fx256f',45,4,44,NULL),(176,'P250 | See Ya Later','See Ya Later','https://steamcommunity-a.akamaihd.net/economy/image/-9a81dlWLwJ2UUGcVs_nsVtzdOEdtWwKGZZLQHTxDZ7I56KU0Zwwo4NUX4oFJZEHLbXH5ApeO4YmlhxYQknCRvCo04DEVlxkKgpopujwezhjxszYI2gS09-vloWZlOX7MITck29Y_cg_3r2QpY2n0QWx_BU4aj_6ctTAJgE4aF7W-FC4lLq7hZO1vMnLznFhvj5iuyjLh3IIBg/256fx256f',23,6,17,NULL),(177,'AK-47 | Safari Mesh','Safari Mesh','https://steamcommunity-a.akamaihd.net/economy/image/-9a81dlWLwJ2UUGcVs_nsVtzdOEdtWwKGZZLQHTxDZ7I56KU0Zwwo4NUX4oFJZEHLbXH5ApeO4YmlhxYQknCRvCo04DEVlxkKgpot7HxfDhzw8zFdC5K08i3mr-GkvP9JrafxDtV6Z1wjr2Wod-sjg228hZvam6lcIPHcwNrYFCF-AW4lLzvgZG5tYOJlyX4zEyDKA/256fx256f',46,2,12,NULL),(178,'SG 553 | Phantom','Phantom','https://steamcommunity-a.akamaihd.net/economy/image/-9a81dlWLwJ2UUGcVs_nsVtzdOEdtWwKGZZLQHTxDZ7I56KU0Zwwo4NUX4oFJZEHLbXH5ApeO4YmlhxYQknCRvCo04DEVlxkKgpopb3wflFf1OD3YjoXuY-JhIiKmeP7PoTck29Y_cg_jruWrYmliVHh-Uo_NTyhdoedcgM9ZAuG_Vi7xLu51JG_vsvKwCdi6T5iuyigbWYjfg/256fx256f',23,4,31,NULL),(179,'M4A1-S | Nitro','Nitro','https://steamcommunity-a.akamaihd.net/economy/image/-9a81dlWLwJ2UUGcVs_nsVtzdOEdtWwKGZZLQHTxDZ7I56KU0Zwwo4NUX4oFJZEHLbXH5ApeO4YmlhxYQknCRvCo04DEVlxkKgpou-6kejhz2v_Nfz5H_uOlm7-Ehfb6NL7ul2hS7ctlmdbM8Ij8nVn6_UVuZWyiJoOXJg86Zg3WrgLowrvn1MK_vs-cnXBgsyUi5nfemhy3iAYMMLIhUiVKwQ/256fx256f',47,4,2,NULL),(180,'Desert Eagle | Naga','Naga','https://steamcommunity-a.akamaihd.net/economy/image/-9a81dlWLwJ2UUGcVs_nsVtzdOEdtWwKGZZLQHTxDZ7I56KU0Zwwo4NUX4oFJZEHLbXH5ApeO4YmlhxYQknCRvCo04DEVlxkKgposr-kLAtl7PLZTjlH7du6kb-FlvD1DLbUkmJE5Ysp27mUodij0Azm_ERuMTr6d4aRdwFqaFnUqQW6w-zn0cS96cvAyXcxpGB8spOAsU4p/256fx256f',15,4,15,NULL),(181,'USP-S | Torque','Torque','https://steamcommunity-a.akamaihd.net/economy/image/-9a81dlWLwJ2UUGcVs_nsVtzdOEdtWwKGZZLQHTxDZ7I56KU0Zwwo4NUX4oFJZEHLbXH5ApeO4YmlhxYQknCRvCo04DEVlxkKgpoo6m1FBRp3_bGcjhQ09-jq5WYh8jkIbTWhG5C-8xnteTE8YXghRrjqEptYGnzcYeScAc-Ml2Eq1Tsle2-05C57c6czydjsnJz4S7Vn0Pkn1gSOT9DXxAV/256fx256f',3,3,16,NULL),(182,'M4A1-S | Basilisk','Basilisk','https://steamcommunity-a.akamaihd.net/economy/image/-9a81dlWLwJ2UUGcVs_nsVtzdOEdtWwKGZZLQHTxDZ7I56KU0Zwwo4NUX4oFJZEHLbXH5ApeO4YmlhxYQknCRvCo04DEVlxkKgpou-6kejhz2v_Nfz5H_uO3hb-Gw_alIITTl3hY5MxigdbM8Ij8nVn6_kM_Nj3xJdCUIwc6NVjZqFO6kOa7gcPquZzNynI1uyIh7C2Mmhy1hAYMMLIoIt8K8w/256fx256f',48,4,2,NULL),(183,'CZ75-Auto | Pole Position','Pole Position','https://steamcommunity-a.akamaihd.net/economy/image/-9a81dlWLwJ2UUGcVs_nsVtzdOEdtWwKGZZLQHTxDZ7I56KU0Zwwo4NUX4oFJZEHLbXH5ApeO4YmlhxYQknCRvCo04DEVlxkKgpotaDyfgZf0Ob3cicVueOmhoWInuT9PLXum25V4dB8xO2Zo9vx3FDk-0A_NT3zcobEd1I5aAnY81nslOrm1JK4tMjJnHVivHQ8pSGK7Y-Vr-A/256fx256f',44,4,40,NULL),(184,'R8 Revolver | Amber Fade','Amber Fade','https://steamcommunity-a.akamaihd.net/economy/image/-9a81dlWLwJ2UUGcVs_nsVtzdOEdtWwKGZZLQHTxDZ7I56KU0Zwwo4NUX4oFJZEHLbXH5ApeO4YmlhxYQknCRvCo04DEVlxkKgpopL-zJAt21uH3cDx96t2ykb-GkuP1P7fYlVRD7dN-hv_E57P4jVC9vh5yNjimLITBclM7Z1vT-AW4kO7p08C06pnOynBgsyQk7SrVnkHmhEtNavsv26LL9VABHg/256fx256f',46,5,38,NULL),(185,'Five-SeveN | Urban Hazard','Urban Hazard','https://steamcommunity-a.akamaihd.net/economy/image/-9a81dlWLwJ2UUGcVs_nsVtzdOEdtWwKGZZLQHTxDZ7I56KU0Zwwo4NUX4oFJZEHLbXH5ApeO4YmlhxYQknCRvCo04DEVlxkKgposLOzLhRlxfbGTj5X09q_goWYkuHxPYTEhGlQ5vp5i_PA54jKhF2zowdyZ2z1LYCTJgQ9NwmG-1G9xb3qhMS0vZ7Jm3UyvSAg7HuMyRW_hhhOaPsv26Lv8Ntyjw/256fx256f',48,3,36,NULL),(186,'Glock-18 | Sacrifice','Sacrifice','https://steamcommunity-a.akamaihd.net/economy/image/-9a81dlWLwJ2UUGcVs_nsVtzdOEdtWwKGZZLQHTxDZ7I56KU0Zwwo4NUX4oFJZEHLbXH5ApeO4YmlhxYQknCRvCo04DEVlxkKgposbaqKAxf0Ob3djFN79eJnIWZmMj4OrzZgiUG6pV337CWoI-ijQS2qkA_Nmj1LYLGdgE3ZF3S-lC2xbi8gJDvv5vO1zI97f93Cx2f/256fx256f',28,3,22,NULL),(187,'M4A4 | Evil Daimyo','Evil Daimyo','https://steamcommunity-a.akamaihd.net/economy/image/-9a81dlWLwJ2UUGcVs_nsVtzdOEdtWwKGZZLQHTxDZ7I56KU0Zwwo4NUX4oFJZEHLbXH5ApeO4YmlhxYQknCRvCo04DEVlxkKgpou-6kejhjxszFJTwW09mgnYy0k_b9PqLeqWZU7Mxkh6fFoN2n0QDj_xA-NTj2LdWUdlI_M1yG_Fbqw-npgJG9vJ3OyXRi7HMn-z-DyAyYxUni/256fx256f',3,4,11,NULL),(188,'M4A4 | X-Ray','X-Ray','https://steamcommunity-a.akamaihd.net/economy/image/-9a81dlWLwJ2UUGcVs_nsVtzdOEdtWwKGZZLQHTxDZ7I56KU0Zwwo4NUX4oFJZEHLbXH5ApeO4YmlhxYQknCRvCo04DEVlxkKgpou-6kejhjxszQYzxb09Hiq4yCkP_gfb6IxDJT6pYo07HF89is2Aa3-RE4ZT_1ctTHdQE7Mg2D-la_xOvn18ei_MOeUwVqCl8/256fx256f',37,6,11,NULL),(189,'FAMAS | Mecha Industries','Mecha Industries','https://steamcommunity-a.akamaihd.net/economy/image/-9a81dlWLwJ2UUGcVs_nsVtzdOEdtWwKGZZLQHTxDZ7I56KU0Zwwo4NUX4oFJZEHLbXH5ApeO4YmlhxYQknCRvCo04DEVlxkKgposLuoKhRf1OD3dzxP7c-JmYWIn_bLPr7Vn35cppNzi-rCp47z2Afh-0RtZWilJ4bHcFNtaA7W-1O9le290MK778_PnCZ9-n51_SX8Af0/256fx256f',9,5,45,NULL),(190,'M4A4 | Tornado','Tornado','https://steamcommunity-a.akamaihd.net/economy/image/-9a81dlWLwJ2UUGcVs_nsVtzdOEdtWwKGZZLQHTxDZ7I56KU0Zwwo4NUX4oFJZEHLbXH5ApeO4YmlhxYQknCRvCo04DEVlxkKgpou-6kejhz3Mzcfi9M7di5q42Ok_7hPvXTlG5X6cYh3-3E89Sk0AfnrkBkY2mhJIfEcwM4M1CDqVfsyem5gsW4ot2Xnj287ZlO/256fx256f',49,2,11,NULL),(191,'SG 553 | Pulse','Pulse','https://steamcommunity-a.akamaihd.net/economy/image/-9a81dlWLwJ2UUGcVs_nsVtzdOEdtWwKGZZLQHTxDZ7I56KU0Zwwo4NUX4oFJZEHLbXH5ApeO4YmlhxYQknCRvCo04DEVlxkKgpopb3wflFf0Ob3YjoXuY-JhJWHhPLLPr7Vn35cppAk3r_Fotz32gLj_BJtZm_6JY6RcAI_Z1rR81K5yea7hcC17picwCZ9-n51_EFs6Tk/256fx256f',16,4,31,NULL),(192,'Galil AR | Signal','Signal','https://steamcommunity-a.akamaihd.net/economy/image/-9a81dlWLwJ2UUGcVs_nsVtzdOEdtWwKGZZLQHTxDZ7I56KU0Zwwo4NUX4oFJZEHLbXH5ApeO4YmlhxYQknCRvCo04DEVlxkKgposbupIgthwczAaAJF7dC_mL-YnvD6MrfuhG5V18h0juDU-MKn21Xm_kM9Nm3ydYSUegdoY1_S_lm6l-ru1pLpuJ_OyHRr7yMn5XfVgVXp1ioXIkCS/256fx256f',11,4,43,NULL),(193,'M4A1-S | Leaded Glass','Leaded Glass','https://steamcommunity-a.akamaihd.net/economy/image/-9a81dlWLwJ2UUGcVs_nsVtzdOEdtWwKGZZLQHTxDZ7I56KU0Zwwo4NUX4oFJZEHLbXH5ApeO4YmlhxYQknCRvCo04DEVlxkKgpou-6kejhz2v_Nfz5H_uOxh7-Gw_alDKjZl39F7ddOh-zF_Jn4xlbt-UNqZm-icYPGdQ49MlrT_FHrxLzph8S6tJSdnCBl6SN2tyvZyxSpwUYbmAd1EK0/256fx256f',23,5,2,NULL),(194,'AK-47 | Redline','Redline','https://steamcommunity-a.akamaihd.net/economy/image/-9a81dlWLwJ2UUGcVs_nsVtzdOEdtWwKGZZLQHTxDZ7I56KU0Zwwo4NUX4oFJZEHLbXH5ApeO4YmlhxYQknCRvCo04DEVlxkKgpot7HxfDhjxszJemkV09-5lpKKqPrxN7LEmyVQ7MEpiLuSrYmnjQO3-UdsZGHyd4_Bd1RvNQ7T_FDrw-_ng5Pu75iY1zI97bhLsvQz/256fx256f',16,5,12,NULL),(195,'Karambit | Crimson Web','Crimson Web','https://steamcommunity-a.akamaihd.net/economy/image/-9a81dlWLwJ2UUGcVs_nsVtzdOEdtWwKGZZLQHTxDZ7I56KU0Zwwo4NUX4oFJZEHLbXH5ApeO4YmlhxYQknCRvCo04DEVlxkKgpovbSsLQJf2PLacDBA5ciJnJm0gPL2IITck29Y_cg_ib-SotjxjgfnqUU6MTygI4-WcVI6ZFrZ_ljvl-frgpHtuMnLwCdisj5iuyi9lOnfGQ/256fx256f',4,6,7,NULL),(196,'MAG-7 | Heat','Heat','https://steamcommunity-a.akamaihd.net/economy/image/-9a81dlWLwJ2UUGcVs_nsVtzdOEdtWwKGZZLQHTxDZ7I56KU0Zwwo4NUX4oFJZEHLbXH5ApeO4YmlhxYQknCRvCo04DEVlxkKgpou7uifDhjxszFcDoV086zkIiEg8j4OrzZgiUGvpUp3eiZptrw0Fft8xU4Ymn0IoPEdlQ7ZwyDq1i6x7y-gMfv7pmd1zI97Us53qRd/256fx256f',44,4,32,NULL),(197,'SSG 08 | Ghost Crusader','Ghost Crusader','https://steamcommunity-a.akamaihd.net/economy/image/-9a81dlWLwJ2UUGcVs_nsVtzdOEdtWwKGZZLQHTxDZ7I56KU0Zwwo4NUX4oFJZEHLbXH5ApeO4YmlhxYQknCRvCo04DEVlxkKgpopamie19f1OD3Yi5FvISJlZKGlvT7Ib7um25V4dB8xLDD9o2nilLn8hZlYG30cY_AcARvNA3V8gC8le7nhMLuupSbmnZk7HI8pSGKxxHl5uI/256fx256f',38,4,26,NULL),(198,'AUG | Triqua','Triqua','https://steamcommunity-a.akamaihd.net/economy/image/-9a81dlWLwJ2UUGcVs_nsVtzdOEdtWwKGZZLQHTxDZ7I56KU0Zwwo4NUX4oFJZEHLbXH5ApeO4YmlhxYQknCRvCo04DEVlxkKgpot6-iFAR17PLddgJN_t24k4W0g-X9MrXWmm5u5cB1g_zMu4qmjQO3rhJoNm31J4PGIQNrMwyDqAK9yebr18Lq6JvLy3tl6ykh7S3D30vgaHf5G_Y/256fx256f',23,3,28,NULL),(199,'SCAR-20 | Grotto','Grotto','https://steamcommunity-a.akamaihd.net/economy/image/-9a81dlWLwJ2UUGcVs_nsVtzdOEdtWwKGZZLQHTxDZ7I56KU0Zwwo4NUX4oFJZEHLbXH5ApeO4YmlhxYQknCRvCo04DEVlxkKgpopbmkOVUw7PLZTi5B7c7kxL-Hkvb_DLbUkmJE5Yt13L6Rrd6s3wS28kI6YWmmJdeRcgBvZg3WqFK6xO_o0JHotM_BwSBipGB8slVYmB0Q/256fx256f',15,3,46,NULL),(200,'MP7 | Mischief','Mischief','https://steamcommunity-a.akamaihd.net/economy/image/-9a81dlWLwJ2UUGcVs_nsVtzdOEdtWwKGZZLQHTxDZ7I56KU0Zwwo4NUX4oFJZEHLbXH5ApeO4YmlhxYQknCRvCo04DEVlxkKgpou6ryFAR17P7YJgJQ7d-9kZSOkuXLP7LWnn8f6sQkiLqXod3331bn-0o_Nz3yItKcJAM6NwvSqAK8wu3u0JG_tJTLwGwj5HdNihcdNQ/256fx256f',10,3,39,NULL),(201,'AK-47 | Orbit Mk01','Orbit Mk01','https://steamcommunity-a.akamaihd.net/economy/image/-9a81dlWLwJ2UUGcVs_nsVtzdOEdtWwKGZZLQHTxDZ7I56KU0Zwwo4NUX4oFJZEHLbXH5ApeO4YmlhxYQknCRvCo04DEVlxkKgpot7HxfDhnwMzJegJB49C5mpnbxsjmNr_ummJW4NE_iL-ZrYj03wLl_hFqNm71cteWdlA5Zl2F-FG-yO_r0cW4uMnMynFl6T5iuyjnxSwaOw/256fx256f',50,4,12,NULL),(202,'Classic Knife | Blue Steel','Blue Steel','https://steamcommunity-a.akamaihd.net/economy/image/-9a81dlWLwJ2UUGcVs_nsVtzdOEdtWwKGZZLQHTxDZ7I56KU0Zwwo4NUX4oFJZEHLbXH5ApeO4YmlhxYQknCRvCo04DEVlxkKgpovbSsLQJf0ODbTjxT0966gYWPqPv9NLPF2DIAv8N03u_Cpt6m2ADmqhBsamjzLdWccw47ZlzSqAC8w-bqhp-1tJjXiSw0ss-OWvg/256fx256f',4,6,47,NULL),(203,'Butterfly Knife | Damascus Steel','Damascus Steel','https://steamcommunity-a.akamaihd.net/economy/image/-9a81dlWLwJ2UUGcVs_nsVtzdOEdtWwKGZZLQHTxDZ7I56KU0Zwwo4NUX4oFJZEHLbXH5ApeO4YmlhxYQknCRvCo04DEVlxkKgpovbSsLQJf0ebcZThQ6tCvq4GaqPP1PrrClX5C15whteXI8oThxlLirhY_MGz1cY_BdA85ZVqE8lHvle6905O1upTMmHpq6XIqsXbblxGpwUYbioYgm-c/256fx256f',5,6,5,NULL),(204,'AK-47 | Cartel','Cartel','https://steamcommunity-a.akamaihd.net/economy/image/-9a81dlWLwJ2UUGcVs_nsVtzdOEdtWwKGZZLQHTxDZ7I56KU0Zwwo4NUX4oFJZEHLbXH5ApeO4YmlhxYQknCRvCo04DEVlxkKgpot7HxfDhhwszJemkV09-3hpSOm8j4OrzZgiUD7ZJzj7DHoY-iilC1-ENoNWuiI9WWdQI8Z1iE81Tvl7i81J-_6p2b1zI97XPwFCE_/256fx256f',15,5,12,NULL),(205,'Butterfly Knife | Urban Masked','Urban Masked','https://steamcommunity-a.akamaihd.net/economy/image/-9a81dlWLwJ2UUGcVs_nsVtzdOEdtWwKGZZLQHTxDZ7I56KU0Zwwo4NUX4oFJZEHLbXH5ApeO4YmlhxYQknCRvCo04DEVlxkKgpovbSsLQJf0ebcZThQ6tCvq5ObqOP1I77ug3lT6ctOh-zF_Jn4xgDsqhJsYWv0dteddlc3Z12BrwPtxO3mjJO1uMidnSEx6HQktnfdlxSpwUYb7eGENok/256fx256f',5,6,5,NULL),(206,'Sawed-Off | Apocalypto','Apocalypto','https://steamcommunity-a.akamaihd.net/economy/image/-9a81dlWLwJ2UUGcVs_nsVtzdOEdtWwKGZZLQHTxDZ7I56KU0Zwwo4NUX4oFJZEHLbXH5ApeO4YmlhxYQknCRvCo04DEVlxkKgpopbuyLgNv1fX3cih9_92hkYSEkfHLMqvelWpd8dVlhdbN_Iv9nBqyqEM6ZWClcdWVdlVoZQzW81S7lLjr1Me6up_AnXJruXFz4HrZzkOxn1gSOTVcMUYB/256fx256f',20,4,41,NULL),(207,'MAC-10 | Disco Tech','Disco Tech','https://steamcommunity-a.akamaihd.net/economy/image/-9a81dlWLwJ2UUGcVs_nsVtzdOEdtWwKGZZLQHTxDZ7I56KU0Zwwo4NUX4oFJZEHLbXH5ApeO4YmlhxYQknCRvCo04DEVlxkKgpou7umeldf0Ob3fDxBvYyJmoGIhfLLO77QgHIf7JBwj76Tp9n02QPh_UJsY2-mLYCQIQA8YQmB-ATsw-u9jMS6v5WYyWwj5HfRypcKEg/256fx256f',20,5,33,NULL),(208,'CZ75-Auto | Tacticat','Tacticat','https://steamcommunity-a.akamaihd.net/economy/image/-9a81dlWLwJ2UUGcVs_nsVtzdOEdtWwKGZZLQHTxDZ7I56KU0Zwwo4NUX4oFJZEHLbXH5ApeO4YmlhxYQknCRvCo04DEVlxkKgpotaDyfgZf1OD3cicVueOilYOfnvT1J4Tdn2xZ_It0jrDD9N7z3le28xU4ZjzxdYTHdFVoM1mC8wC-k7_r1p6775TKnCFgpGB8stXRbcWP/256fx256f',23,4,40,NULL),(209,'Dual Berettas | Emerald','Emerald','https://steamcommunity-a.akamaihd.net/economy/image/-9a81dlWLwJ2UUGcVs_nsVtzdOEdtWwKGZZLQHTxDZ7I56KU0Zwwo4NUX4oFJZEHLbXH5ApeO4YmlhxYQknCRvCo04DEVlxkKgpos7asPwJf0v33dDBH_t26kL-HnvD8J_WDwjlSv5QoiOrD8N6njlXnrhFqZzv0dteUd1A6aVHY8wLtyOzvhcK0ot2XnjpNFkx7/256fx256f',51,3,35,NULL),(210,'Galil AR | Firefight','Firefight','https://steamcommunity-a.akamaihd.net/economy/image/-9a81dlWLwJ2UUGcVs_nsVtzdOEdtWwKGZZLQHTxDZ7I56KU0Zwwo4NUX4oFJZEHLbXH5ApeO4YmlhxYQknCRvCo04DEVlxkKgposbupIgthwczPYgJF7dC_mIGZqP76ML7fk3lQ_MpjteXI8oThxgLi8kpsYjv7IISWdAdsZV7R-lntlLrv1JO5ucvMzHVmsiMrsX_UnECpwUYbQtacsVs/256fx256f',38,4,43,NULL),(211,'FAMAS | Djinn','Djinn','https://steamcommunity-a.akamaihd.net/economy/image/-9a81dlWLwJ2UUGcVs_nsVtzdOEdtWwKGZZLQHTxDZ7I56KU0Zwwo4NUX4oFJZEHLbXH5ApeO4YmlhxYQknCRvCo04DEVlxkKgposLuoKhRf0uL3dzxP7c-JnomFmcj5Nr_Yg2YfuJF33rGYodzw2lW2_EY5Nj33IoDEcAdtNF3S-AC7l-juh5C06p3Az2wj5HdA-SEIgQ/256fx256f',44,5,45,NULL),(212,'Stiletto Knife | Damascus Steel','Damascus Steel','https://steamcommunity-a.akamaihd.net/economy/image/-9a81dlWLwJ2UUGcVs_nsVtzdOEdtWwKGZZLQHTxDZ7I56KU0Zwwo4NUX4oFJZEHLbXH5ApeO4YmlhxYQknCRvCo04DEVlxkKgpovbSsLQJfwOfBfThW-NOJlZG0k_b5MqjSg3hu-Nd4meTAyoHwjF2hpl1uZGz1J4KdcgU7MFnYqQC-xee7jZW8tJ3MznM26yl24CncnBDihxxMcKUx0pJacVD4/256fx256f',4,6,13,NULL),(213,'FAMAS | Commemoration','Commemoration','https://steamcommunity-a.akamaihd.net/economy/image/-9a81dlWLwJ2UUGcVs_nsVtzdOEdtWwKGZZLQHTxDZ7I56KU0Zwwo4NUX4oFJZEHLbXH5ApeO4YmlhxYQknCRvCo04DEVlxkKgposLuoKhRf1OD3dzxP7c-JmIWMlvTtDLzemm9u5cB1g_zMu9n2ilLmr0I_Z26mIYOccAY8MgnQ-ge9l-ntgpO0uMyYm3M36HR3537D30vgoeTpsuU/256fx256f',28,6,45,NULL),(214,'SSG 08 | Hand Brake','Hand Brake','https://steamcommunity-a.akamaihd.net/economy/image/-9a81dlWLwJ2UUGcVs_nsVtzdOEdtWwKGZZLQHTxDZ7I56KU0Zwwo4NUX4oFJZEHLbXH5ApeO4YmlhxYQknCRvCo04DEVlxkKgpopamie19f1OD3Yi5FvISJl4iOlPzxIYTck29Y_cg_3bnFoN_23FKx_RI-MWn0LdDAdw5rZw2E_AO-w-_nhZW9tZTMmns3vD5iuyiMob4YiQ/256fx256f',34,3,26,NULL),(215,'USP-S | Flashback','Flashback','https://steamcommunity-a.akamaihd.net/economy/image/-9a81dlWLwJ2UUGcVs_nsVtzdOEdtWwKGZZLQHTxDZ7I56KU0Zwwo4NUX4oFJZEHLbXH5ApeO4YmlhxYQknCRvCo04DEVlxkKgpoo6m1FBRp3_bGcjhQ09-jq5WYh8jyP7rCnmlQ685Oh-zF_Jn4xgPn_EBoY2r3d9LGIAZvZlrQ81nqxu7s1MS7tc_KnHNm7iUksymMzUCpwUYbE0FNUN8/256fx256f',11,4,16,NULL),(216,'AWP | Capillary','Capillary','https://steamcommunity-a.akamaihd.net/economy/image/-9a81dlWLwJ2UUGcVs_nsVtzdOEdtWwKGZZLQHTxDZ7I56KU0Zwwo4NUX4oFJZEHLbXH5ApeO4YmlhxYQknCRvCo04DEVlxkKgpot621FAR17PLfYQJU6dW4q42Ok_7hPvWEwWoCv8d3iOqQp9Wm2g2y_UM-YT_7JoWccAM9YwmBr1jox73mgJG1ot2Xnhk35D_A/256fx256f',20,3,6,NULL),(217,'MAC-10 | Last Dive','Last Dive','https://steamcommunity-a.akamaihd.net/economy/image/-9a81dlWLwJ2UUGcVs_nsVtzdOEdtWwKGZZLQHTxDZ7I56KU0Zwwo4NUX4oFJZEHLbXH5ApeO4YmlhxYQknCRvCo04DEVlxkKgpou7umeldf0vL3fDxBvYyJgIiOqPv1IK_ukmJH7fp9g-7J4cLx2ATn8hJkYGr7INfGIFM8Zw7Z-VK5kua-jZXptJyfz3ZiunIlsSzUgVXp1lQTAqTn/256fx256f',14,4,33,NULL);
/*!40000 ALTER TABLE `skin` ENABLE KEYS */;
UNLOCK TABLES;

--
-- Table structure for table `skin_rarity`
--

DROP TABLE IF EXISTS `skin_rarity`;
/*!40101 SET @saved_cs_client     = @@character_set_client */;
/*!50503 SET character_set_client = utf8mb4 */;
CREATE TABLE `skin_rarity` (
  `id` int(11) NOT NULL AUTO_INCREMENT,
  `name` varchar(45) DEFAULT NULL,
  PRIMARY KEY (`id`)
) ENGINE=InnoDB AUTO_INCREMENT=8 DEFAULT CHARSET=utf8mb4 COLLATE=utf8mb4_0900_ai_ci;
/*!40101 SET character_set_client = @saved_cs_client */;

--
-- Dumping data for table `skin_rarity`
--

LOCK TABLES `skin_rarity` WRITE;
/*!40000 ALTER TABLE `skin_rarity` DISABLE KEYS */;
INSERT INTO `skin_rarity` VALUES (0,'Unknown'),(1,'Consumer Grade'),(2,'Industrial Grade'),(3,'Mil-Spec Grade'),(4,'Restricted'),(5,'Classified'),(6,'Covert'),(7,'Contraband');
/*!40000 ALTER TABLE `skin_rarity` ENABLE KEYS */;
UNLOCK TABLES;

--
-- Table structure for table `skin_sell_order`
--

DROP TABLE IF EXISTS `skin_sell_order`;
/*!40101 SET @saved_cs_client     = @@character_set_client */;
/*!50503 SET character_set_client = utf8mb4 */;
CREATE TABLE `skin_sell_order` (
  `name` varchar(255) NOT NULL,
  `market_name` varchar(45) DEFAULT NULL,
  `item_state` int(11) DEFAULT NULL,
  `price` float(10,2) DEFAULT NULL,
  `recommanded_price` float(10,2) DEFAULT NULL,
  `id` int(11) NOT NULL AUTO_INCREMENT,
  `skin` int(11) DEFAULT NULL,
  `dumb_item` int(11) DEFAULT NULL,
  PRIMARY KEY (`id`),
  UNIQUE KEY `sell_order_id_UNIQUE` (`id`),
  KEY `fk_item_state_idx` (`item_state`),
  KEY `fk_skin_idx` (`skin`),
  CONSTRAINT `fk_item_state` FOREIGN KEY (`item_state`) REFERENCES `skin_state` (`id`),
  CONSTRAINT `fk_skin` FOREIGN KEY (`skin`) REFERENCES `skin` (`id`)
) ENGINE=InnoDB AUTO_INCREMENT=393 DEFAULT CHARSET=utf8mb4 COLLATE=utf8mb4_0900_ai_ci;
/*!40101 SET character_set_client = @saved_cs_client */;

--
-- Dumping data for table `skin_sell_order`
--

LOCK TABLES `skin_sell_order` WRITE;
/*!40000 ALTER TABLE `skin_sell_order` DISABLE KEYS */;
INSERT INTO `skin_sell_order` VALUES ('NULL_SKIN_SELL_ORDER',NULL,NULL,NULL,NULL,1,NULL,NULL),('18994878559',NULL,NULL,NULL,NULL,2,NULL,NULL),('18994878597',NULL,NULL,NULL,NULL,3,NULL,NULL),('18972185527',NULL,NULL,NULL,NULL,4,NULL,NULL),('18970893568BSL2075327494',NULL,NULL,NULL,NULL,5,NULL,NULL),('19015918245BSL2084458925',NULL,NULL,NULL,NULL,6,NULL,NULL),('18999958106',NULL,NULL,NULL,NULL,7,NULL,NULL),('18999958143',NULL,NULL,NULL,NULL,8,NULL,NULL),('18999958162',NULL,NULL,NULL,NULL,9,NULL,NULL),('18977540317',NULL,NULL,NULL,NULL,10,NULL,NULL),('19008117924',NULL,NULL,NULL,NULL,11,NULL,NULL),('19021952356',NULL,NULL,NULL,NULL,12,NULL,NULL),('19021952265',NULL,NULL,NULL,NULL,13,NULL,NULL),('19021952306',NULL,NULL,NULL,NULL,14,NULL,NULL),('18992631616',NULL,NULL,NULL,NULL,15,NULL,NULL),('19018783251BSL2085093130',NULL,NULL,NULL,NULL,16,NULL,NULL),('18991217323BSL2079761114',NULL,NULL,NULL,NULL,17,NULL,NULL),('18985555043BSL2078598414',NULL,NULL,NULL,NULL,18,NULL,NULL),('19001160557BSL2081267287',NULL,NULL,NULL,NULL,19,NULL,NULL),('19000550182',NULL,NULL,NULL,NULL,20,NULL,NULL),('19000550208',NULL,NULL,NULL,NULL,21,NULL,NULL),('19002629790BSL2081486321',NULL,NULL,NULL,NULL,22,NULL,NULL),('18978911677BSL2077296080',NULL,NULL,NULL,NULL,23,NULL,NULL),('18978704335BSL2077277441',NULL,NULL,NULL,NULL,24,NULL,NULL),('18994836188BSL2080467378',NULL,NULL,NULL,NULL,25,NULL,NULL),('18986941486BSL2078857748',NULL,NULL,NULL,NULL,26,NULL,NULL),('19021449404',NULL,NULL,NULL,NULL,27,NULL,NULL),('19021449383',NULL,NULL,NULL,NULL,28,NULL,NULL),('19021261740',NULL,NULL,NULL,NULL,29,NULL,NULL),('18977831539',NULL,NULL,NULL,NULL,30,NULL,NULL),('18974692877',NULL,NULL,NULL,NULL,31,NULL,NULL),('19007540324BSL2082532671',NULL,NULL,NULL,NULL,32,NULL,NULL),('19019182059',NULL,NULL,NULL,NULL,33,NULL,NULL),('19018618835BSL2085059880',NULL,NULL,NULL,NULL,34,NULL,NULL),('18995065208',NULL,NULL,NULL,NULL,35,NULL,NULL),('19016023598BSL2084481299',NULL,NULL,NULL,NULL,36,NULL,NULL),('19020996857',NULL,NULL,NULL,NULL,37,NULL,NULL),('19020996842',NULL,NULL,NULL,NULL,38,NULL,NULL),('19020724255',NULL,NULL,NULL,NULL,39,NULL,NULL),('18987325808',NULL,NULL,NULL,NULL,40,NULL,NULL),('19006557483',NULL,NULL,NULL,NULL,41,NULL,NULL),('19019669494',NULL,NULL,NULL,NULL,42,NULL,NULL),('19007756451',NULL,NULL,NULL,NULL,43,NULL,NULL),('19018119285',NULL,NULL,NULL,NULL,44,NULL,NULL),('19011804497',NULL,NULL,NULL,NULL,45,NULL,NULL),('19005846153BSL2084858535',NULL,NULL,NULL,NULL,46,NULL,NULL),('19016216568',NULL,NULL,NULL,NULL,47,NULL,NULL),('19001694999',NULL,NULL,NULL,NULL,48,NULL,NULL),('19018358973',NULL,NULL,NULL,NULL,49,NULL,NULL),('19007491706BSL2082523618',NULL,NULL,NULL,NULL,50,NULL,NULL),('19019149359',NULL,NULL,NULL,NULL,51,NULL,NULL),('18974345544BSL2076142792',NULL,NULL,NULL,NULL,52,NULL,NULL),('19017624924',NULL,NULL,NULL,NULL,53,NULL,NULL),('19017625276',NULL,NULL,NULL,NULL,54,NULL,NULL),('19012539992',NULL,NULL,NULL,NULL,55,NULL,NULL),('19012539976',NULL,NULL,NULL,NULL,56,NULL,NULL),('18992873117',NULL,NULL,NULL,NULL,57,NULL,NULL),('18972093847BSL2075663436',NULL,NULL,NULL,NULL,58,NULL,NULL),('19018582173',NULL,NULL,NULL,NULL,59,NULL,NULL),('19007427526',NULL,NULL,NULL,NULL,60,NULL,NULL),('19013425301BSL2083739503',NULL,NULL,NULL,NULL,61,NULL,NULL),('19013425324BSL2083739470',NULL,NULL,NULL,NULL,62,NULL,NULL),('19013425308BSL2083739492',NULL,NULL,NULL,NULL,63,NULL,NULL),('18985695579BSL2078638307',NULL,NULL,NULL,NULL,64,NULL,NULL),('19011621403',NULL,NULL,NULL,NULL,65,NULL,NULL),('19010647662',NULL,NULL,NULL,NULL,66,NULL,NULL),('19012997396',NULL,NULL,NULL,NULL,67,NULL,NULL),('18970806226',NULL,NULL,NULL,NULL,68,NULL,NULL),('19005674078BSL2082075610',NULL,NULL,NULL,NULL,69,NULL,NULL),('19000100533BSL2081046053',NULL,NULL,NULL,NULL,70,NULL,NULL),('18978985921',NULL,NULL,NULL,NULL,71,NULL,NULL),('19016189597',NULL,NULL,NULL,NULL,72,NULL,NULL),('19016018222',NULL,NULL,NULL,NULL,73,NULL,NULL),('19010859492',NULL,NULL,NULL,NULL,74,NULL,NULL),('19008954671BSL2082802831',NULL,NULL,NULL,NULL,75,NULL,NULL),('18985645974',NULL,NULL,NULL,NULL,76,NULL,NULL),('19014729418',NULL,NULL,NULL,NULL,77,NULL,NULL),('18978669937BSL2077257961',NULL,NULL,NULL,NULL,78,NULL,NULL),('19014055736',NULL,NULL,NULL,NULL,79,NULL,NULL),('18971956320BSL2075626300',NULL,NULL,NULL,NULL,80,NULL,NULL),('19013470486BSL2083760854',NULL,NULL,NULL,NULL,81,NULL,NULL),('18995879667BSL2080591900',NULL,NULL,NULL,NULL,82,NULL,NULL),('18973343014',NULL,NULL,NULL,NULL,83,NULL,NULL),('19001617939',NULL,NULL,NULL,NULL,84,NULL,NULL),('19013415227',NULL,NULL,NULL,NULL,85,NULL,NULL),('19013415298',NULL,NULL,NULL,NULL,86,NULL,NULL),('18991675871',NULL,NULL,NULL,NULL,87,NULL,NULL),('18991676073',NULL,NULL,NULL,NULL,88,NULL,NULL),('18984570331BSL2078393977',NULL,NULL,NULL,NULL,89,NULL,NULL),('18971268928',NULL,NULL,NULL,NULL,90,NULL,NULL),('18995902922',NULL,NULL,NULL,NULL,91,NULL,NULL),('18984391331BSL2078365980',NULL,NULL,NULL,NULL,92,NULL,NULL),('19011534969',NULL,NULL,NULL,NULL,93,NULL,NULL),('19003680310',NULL,NULL,NULL,NULL,94,NULL,NULL),('19011792415',NULL,NULL,NULL,NULL,95,NULL,NULL),('18981408615',NULL,NULL,NULL,NULL,96,NULL,NULL),('19010458297',NULL,NULL,NULL,NULL,97,NULL,NULL),('18978599384BSL2077240440',NULL,NULL,NULL,NULL,98,NULL,NULL),('18985696439BSL2078640608',NULL,NULL,NULL,NULL,99,NULL,NULL),('18985884925BSL2078695100',NULL,NULL,NULL,NULL,100,NULL,NULL),('18988061574BSL2079034452',NULL,NULL,NULL,NULL,101,NULL,NULL),('18992890619BSL2080143076',NULL,NULL,NULL,NULL,102,NULL,NULL),('19000746076BSL2081181397',NULL,NULL,NULL,NULL,103,NULL,NULL),('19005062204BSL2081956293',NULL,NULL,NULL,NULL,104,NULL,NULL),('19005307223BSL2081996949',NULL,NULL,NULL,NULL,105,NULL,NULL),('19005612050BSL2082061049',NULL,NULL,NULL,NULL,106,NULL,NULL),('19002709645',NULL,NULL,NULL,NULL,107,NULL,NULL),('18977407717',NULL,NULL,NULL,NULL,108,NULL,NULL),('18971937631BSL2077458633',NULL,NULL,NULL,NULL,109,NULL,NULL),('18984387706',NULL,NULL,NULL,NULL,110,NULL,NULL),('18977970043',NULL,NULL,NULL,NULL,111,NULL,NULL),('18985197827',NULL,NULL,NULL,NULL,112,NULL,NULL),('19006694416',NULL,NULL,NULL,NULL,113,NULL,NULL),('19005396781BSL2082014679',NULL,NULL,NULL,NULL,114,NULL,NULL),('18978599062BSL2077236185',NULL,NULL,NULL,NULL,115,NULL,NULL),('19002298889',NULL,NULL,NULL,NULL,116,NULL,NULL),('19004016773',NULL,NULL,NULL,NULL,117,NULL,NULL),('19005232647',NULL,NULL,NULL,NULL,118,NULL,NULL),('18974723151',NULL,NULL,NULL,NULL,119,NULL,NULL),('19004909705',NULL,NULL,NULL,NULL,120,NULL,NULL),('18972210062BSL2075691321',NULL,NULL,NULL,NULL,121,NULL,NULL),('18992724663',NULL,NULL,NULL,NULL,122,NULL,NULL),('19003774036',NULL,NULL,NULL,NULL,123,NULL,NULL),('19001651085',NULL,NULL,NULL,NULL,124,NULL,NULL),('19002852541',NULL,NULL,NULL,NULL,125,NULL,NULL),('19000429995',NULL,NULL,NULL,NULL,126,NULL,NULL),('19001934833',NULL,NULL,NULL,NULL,127,NULL,NULL),('19001329201',NULL,NULL,NULL,NULL,128,NULL,NULL),('19001678451',NULL,NULL,NULL,NULL,129,NULL,NULL),('18987656521',NULL,NULL,NULL,NULL,130,NULL,NULL),('19000010306',NULL,NULL,NULL,NULL,131,NULL,NULL),('18992363156BSL2080040039',NULL,NULL,NULL,NULL,132,NULL,NULL),('18992354246',NULL,NULL,NULL,NULL,133,NULL,NULL),('18996178235',NULL,NULL,NULL,NULL,134,NULL,NULL),('18987878048',NULL,NULL,NULL,NULL,135,NULL,NULL),('18978600966BSL2077238867',NULL,NULL,NULL,NULL,136,NULL,NULL),('18976955866',NULL,NULL,NULL,NULL,137,NULL,NULL),('18993508854',NULL,NULL,NULL,NULL,138,NULL,NULL),('18989877103',NULL,NULL,NULL,NULL,139,NULL,NULL),('18989877130',NULL,NULL,NULL,NULL,140,NULL,NULL),('18987933346BSL2079017235',NULL,NULL,NULL,NULL,141,NULL,NULL),('18985196735BSL2078525792',NULL,NULL,NULL,NULL,142,NULL,NULL),('18977378052BSL2076987132',NULL,NULL,NULL,NULL,143,NULL,NULL),('18989160383BSL2079290490',NULL,NULL,NULL,NULL,144,NULL,NULL),('18991288577BSL2079782032',NULL,NULL,NULL,NULL,145,NULL,NULL),('18975330339',NULL,NULL,NULL,NULL,146,NULL,NULL),('18978370491',NULL,NULL,NULL,NULL,147,NULL,NULL),('18984360556BSL2078359349',NULL,NULL,NULL,NULL,148,NULL,NULL),('18984828361BSL2078450306',NULL,NULL,NULL,NULL,149,NULL,NULL),('18991040292',NULL,NULL,NULL,NULL,150,NULL,NULL),('18978589357BSL2077234267',NULL,NULL,NULL,NULL,151,NULL,NULL),('18976394697',NULL,NULL,NULL,NULL,152,NULL,NULL),('18979705922BSL2077414040',NULL,NULL,NULL,NULL,153,NULL,NULL),('18989498627',NULL,NULL,NULL,NULL,154,NULL,NULL),('18977696550BSL2077052351',NULL,NULL,NULL,NULL,155,NULL,NULL),('18985124721BSL2078502327',NULL,NULL,NULL,NULL,156,NULL,NULL),('18976838250',NULL,NULL,NULL,NULL,157,NULL,NULL),('18978670427BSL2077300497',NULL,NULL,NULL,NULL,158,NULL,NULL),('18979979570',NULL,NULL,NULL,NULL,159,NULL,NULL),('18982744603',NULL,NULL,NULL,NULL,160,NULL,NULL),('18986648625',NULL,NULL,NULL,NULL,161,NULL,NULL),('18971163872BSL2075512700',NULL,NULL,NULL,NULL,162,NULL,NULL),('18977679088',NULL,NULL,NULL,NULL,163,NULL,NULL),('18978280325',NULL,NULL,NULL,NULL,164,NULL,NULL),('18985197904',NULL,NULL,NULL,NULL,165,NULL,NULL),('18971989568BSL2075635142',NULL,NULL,NULL,NULL,166,NULL,NULL),('18976597024',NULL,NULL,NULL,NULL,167,NULL,NULL),('18970917648',NULL,NULL,NULL,NULL,168,NULL,NULL),('18980787729BSL2077591338',NULL,NULL,NULL,NULL,169,NULL,NULL),('18976223738BSL2076617101',NULL,NULL,NULL,NULL,170,NULL,NULL),('18982459338',NULL,NULL,NULL,NULL,171,NULL,NULL),('18977642120BSL2077041551',NULL,NULL,NULL,NULL,172,NULL,NULL),('18975679040BSL2076468557',NULL,NULL,NULL,NULL,173,NULL,NULL),('18976394725BSL2076668266',NULL,NULL,NULL,NULL,174,NULL,NULL),('18975843888BSL2076507398',NULL,NULL,NULL,NULL,175,NULL,NULL),('19007965360BSL2086432943',NULL,NULL,NULL,NULL,176,NULL,NULL),('19007965381BSL2086432954',NULL,NULL,NULL,NULL,177,NULL,NULL),('19007965413BSL2086432965',NULL,NULL,NULL,NULL,178,NULL,NULL),('19007965446BSL2086432976',NULL,NULL,NULL,NULL,179,NULL,NULL),('19007965469BSL2086432987',NULL,NULL,NULL,NULL,180,NULL,NULL),('19007965502BSL2086432998',NULL,NULL,NULL,NULL,181,NULL,NULL),('19007965532BSL2086433009',NULL,NULL,NULL,NULL,182,NULL,NULL),('19007965569BSL2086433020',NULL,NULL,NULL,NULL,183,NULL,NULL),('19007966625BSL2086433031',NULL,NULL,NULL,NULL,184,NULL,NULL),('19007966716BSL2086433042',NULL,NULL,NULL,NULL,185,NULL,NULL),('19007966781BSL2086433053',NULL,NULL,NULL,NULL,186,NULL,NULL),('19007966826BSL2086433064',NULL,NULL,NULL,NULL,187,NULL,NULL),('19007966888BSL2086433075',NULL,NULL,NULL,NULL,188,NULL,NULL),('19007966961BSL2086433086',NULL,NULL,NULL,NULL,189,NULL,NULL),('19007967010BSL2086433097',NULL,NULL,NULL,NULL,190,NULL,NULL),('19007967076BSL2086433108',NULL,NULL,NULL,NULL,191,NULL,NULL),('19007967149BSL2086433119',NULL,NULL,NULL,NULL,192,NULL,NULL),('19007967274BSL2086433130',NULL,NULL,NULL,NULL,193,NULL,NULL),('19007967352BSL2086433141',NULL,NULL,NULL,NULL,194,NULL,NULL),('19007967393BSL2086433152',NULL,NULL,NULL,NULL,195,NULL,NULL),('19007967442BSL2086433163',NULL,NULL,NULL,NULL,196,NULL,NULL),('19007967499BSL2086433174',NULL,NULL,NULL,NULL,197,NULL,NULL),('19007967553BSL2086433185',NULL,NULL,NULL,NULL,198,NULL,NULL),('19007967616BSL2086433196',NULL,NULL,NULL,NULL,199,NULL,NULL),('19007967664BSL2086433207',NULL,NULL,NULL,NULL,200,NULL,NULL),('19007967709BSL2086433218',NULL,NULL,NULL,NULL,201,NULL,NULL),('19007967749BSL2086433229',NULL,NULL,NULL,NULL,202,NULL,NULL),('19007967770BSL2086433240',NULL,NULL,NULL,NULL,203,NULL,NULL),('19007967836BSL2086433251',NULL,NULL,NULL,NULL,204,NULL,NULL),('19007967883BSL2086433262',NULL,NULL,NULL,NULL,205,NULL,NULL),('19007967919BSL2086433273',NULL,NULL,NULL,NULL,206,NULL,NULL),('19007967956BSL2086433284',NULL,NULL,NULL,NULL,207,NULL,NULL),('19007968001BSL2086433295',NULL,NULL,NULL,NULL,208,NULL,NULL),('19007968029BSL2086433306',NULL,NULL,NULL,NULL,209,NULL,NULL),('19007968053BSL2086433317',NULL,NULL,NULL,NULL,210,NULL,NULL),('19007968092BSL2086433328',NULL,NULL,NULL,NULL,211,NULL,NULL),('19007968118BSL2086433339',NULL,NULL,NULL,NULL,212,NULL,NULL),('19007968143BSL2086433350',NULL,NULL,NULL,NULL,213,NULL,NULL),('19007968175BSL2086433361',NULL,NULL,NULL,NULL,214,NULL,NULL),('19007968199BSL2086433372',NULL,NULL,NULL,NULL,215,NULL,NULL),('19007968213BSL2086433383',NULL,NULL,NULL,NULL,216,NULL,NULL),('19007968257BSL2086433394',NULL,NULL,NULL,NULL,217,NULL,NULL),('19007968294BSL2086433405',NULL,NULL,NULL,NULL,218,NULL,NULL),('19007968357BSL2086433416',NULL,NULL,NULL,NULL,219,NULL,NULL),('19007968393BSL2086433427',NULL,NULL,NULL,NULL,220,NULL,NULL),('19007968422BSL2086433438',NULL,NULL,NULL,NULL,221,NULL,NULL),('19007968449BSL2086433449',NULL,NULL,NULL,NULL,222,NULL,NULL),('19007968482BSL2086433460',NULL,NULL,NULL,NULL,223,NULL,NULL),('19007968506BSL2086433471',NULL,NULL,NULL,NULL,224,NULL,NULL),('19007968540BSL2086433482',NULL,NULL,NULL,NULL,225,NULL,NULL),('19007968582BSL2086433493',NULL,NULL,NULL,NULL,226,NULL,NULL),('19007968618BSL2086433504',NULL,NULL,NULL,NULL,227,NULL,NULL),('19007968649BSL2086433515',NULL,NULL,NULL,NULL,228,NULL,NULL),('19007968677BSL2086433526',NULL,NULL,NULL,NULL,229,NULL,NULL),('19007968705BSL2086433537',NULL,NULL,NULL,NULL,230,NULL,NULL),('19007968733BSL2086433548',NULL,NULL,NULL,NULL,231,NULL,NULL),('19007968771BSL2086433559',NULL,NULL,NULL,NULL,232,NULL,NULL),('19007968792BSL2086433570',NULL,NULL,NULL,NULL,233,NULL,NULL),('19023442267',NULL,NULL,NULL,NULL,234,NULL,NULL),('19023442129',NULL,NULL,NULL,NULL,235,NULL,NULL),('19023442042',NULL,NULL,NULL,NULL,236,NULL,NULL),('19023441970',NULL,NULL,NULL,NULL,237,NULL,NULL),('19023441924',NULL,NULL,NULL,NULL,238,NULL,NULL),('19023441889',NULL,NULL,NULL,NULL,239,NULL,NULL),('19023441781',NULL,NULL,NULL,NULL,240,NULL,NULL),('18982776686BSL2086392452',NULL,NULL,NULL,NULL,241,NULL,NULL),('18971247360BSL2086392507',NULL,NULL,NULL,NULL,242,NULL,NULL),('19001160017BSL2086393255',NULL,NULL,NULL,NULL,243,NULL,NULL),('18985776165BSL2086393266',NULL,NULL,NULL,NULL,244,NULL,NULL),('18978634271BSL2086393277',NULL,NULL,NULL,NULL,245,NULL,NULL),('19023455912',NULL,NULL,NULL,NULL,246,NULL,NULL),('18978670282BSL2086393640',NULL,NULL,NULL,NULL,247,NULL,NULL),('19023468010',NULL,NULL,NULL,NULL,248,NULL,NULL),('19023467560',NULL,NULL,NULL,NULL,249,NULL,NULL),('19023467538',NULL,NULL,NULL,NULL,250,NULL,NULL),('19023467501',NULL,NULL,NULL,NULL,251,NULL,NULL),('19023467468',NULL,NULL,NULL,NULL,252,NULL,NULL),('19023467419',NULL,NULL,NULL,NULL,253,NULL,NULL),('18978670517BSL2077258753',NULL,NULL,NULL,NULL,254,NULL,NULL),('18983890441BSL2078247272',NULL,NULL,NULL,NULL,255,NULL,NULL),('19023478928',NULL,NULL,NULL,NULL,256,NULL,NULL),('19023478840',NULL,NULL,NULL,NULL,257,NULL,NULL),('18987943570BSL2084613521',NULL,NULL,NULL,NULL,258,NULL,NULL),('19023478913BSL2086512416',NULL,NULL,NULL,NULL,259,NULL,NULL),('19023495977',NULL,NULL,NULL,NULL,260,NULL,NULL),('19023495934',NULL,NULL,NULL,NULL,261,NULL,NULL),('19023495913',NULL,NULL,NULL,NULL,262,NULL,NULL),('18971149717BSL2075420305',NULL,NULL,NULL,NULL,263,NULL,NULL),('19023507561',NULL,NULL,NULL,NULL,264,NULL,NULL),('19023507537',NULL,NULL,NULL,NULL,265,NULL,NULL),('19023507508',NULL,NULL,NULL,NULL,266,NULL,NULL),('19001194907BSL2086410514',NULL,NULL,NULL,NULL,267,NULL,NULL),('18988065799BSL2086411999',NULL,NULL,NULL,NULL,268,NULL,NULL),('18985814233BSL2086412802',NULL,NULL,NULL,NULL,269,NULL,NULL),('19023531021',NULL,NULL,NULL,NULL,270,NULL,NULL),('19023530994',NULL,NULL,NULL,NULL,271,NULL,NULL),('19023530959',NULL,NULL,NULL,NULL,272,NULL,NULL),('19023549830',NULL,NULL,NULL,NULL,273,NULL,NULL),('19023549773',NULL,NULL,NULL,NULL,274,NULL,NULL),('19023549738',NULL,NULL,NULL,NULL,275,NULL,NULL),('19005145123BSL2086410888',NULL,NULL,NULL,NULL,276,NULL,NULL),('18985854203BSL2078679088',NULL,NULL,NULL,NULL,277,NULL,NULL),('18989423415BSL2079342813',NULL,NULL,NULL,NULL,278,NULL,NULL),('19000248099BSL2081078855',NULL,NULL,NULL,NULL,279,NULL,NULL),('19004603824BSL2081847391',NULL,NULL,NULL,NULL,280,NULL,NULL),('19010613971BSL2083081602',NULL,NULL,NULL,NULL,281,NULL,NULL),('19010615274BSL2083081294',NULL,NULL,NULL,NULL,282,NULL,NULL),('18971166634BSL2086411768',NULL,NULL,NULL,NULL,283,NULL,NULL),('18977152742BSL2086163432',NULL,NULL,NULL,NULL,284,NULL,NULL),('18977152796BSL2086163443',NULL,NULL,NULL,NULL,285,NULL,NULL),('18977152859BSL2086163454',NULL,NULL,NULL,NULL,286,NULL,NULL),('18977152894BSL2086163465',NULL,NULL,NULL,NULL,287,NULL,NULL),('19023559371',NULL,NULL,NULL,NULL,288,NULL,NULL),('18981035638BSL2086413055',NULL,NULL,NULL,NULL,289,NULL,NULL),('18981035599BSL2086413066',NULL,NULL,NULL,NULL,290,NULL,NULL),('19023568065',NULL,NULL,NULL,NULL,291,NULL,NULL),('19023568021',NULL,NULL,NULL,NULL,292,NULL,NULL),('19023567989',NULL,NULL,NULL,NULL,293,NULL,NULL),('18983889885BSL2086453876',NULL,NULL,NULL,NULL,294,NULL,NULL),('18988051711BSL2086457132',NULL,NULL,NULL,NULL,295,NULL,NULL),('18988254427BSL2086457143',NULL,NULL,NULL,NULL,296,NULL,NULL),('18971989244BSL2086417268',NULL,NULL,NULL,NULL,297,NULL,NULL),('19023542648',NULL,NULL,NULL,NULL,298,NULL,NULL),('19023542898',NULL,NULL,NULL,NULL,299,NULL,NULL),('18993605435BSL2080248960',NULL,NULL,NULL,NULL,300,NULL,NULL),('18977373870BSL2086417543',NULL,NULL,NULL,NULL,301,NULL,NULL),('19023583891',NULL,NULL,NULL,NULL,302,NULL,NULL),('19023583800',NULL,NULL,NULL,NULL,303,NULL,NULL),('19023583749',NULL,NULL,NULL,NULL,304,NULL,NULL),('19022551354BSL2086323230',NULL,NULL,NULL,NULL,305,NULL,NULL),('18978599152BSL2077240495',NULL,NULL,NULL,NULL,306,NULL,NULL),('18975635549BSL2076464189',NULL,NULL,NULL,NULL,307,NULL,NULL),('18988458045BSL2079114840',NULL,NULL,NULL,NULL,308,NULL,NULL),('18988458514BSL2079114719',NULL,NULL,NULL,NULL,309,NULL,NULL),('18988458796BSL2079114642',NULL,NULL,NULL,NULL,310,NULL,NULL),('18988458819BSL2079114631',NULL,NULL,NULL,NULL,311,NULL,NULL),('18988458840BSL2079114620',NULL,NULL,NULL,NULL,312,NULL,NULL),('19023557845',NULL,NULL,NULL,NULL,313,NULL,NULL),('18993719518BSL2080268445',NULL,NULL,NULL,NULL,314,NULL,NULL),('19002978434BSL2086423054',NULL,NULL,NULL,NULL,315,NULL,NULL),('18993758613BSL2080272436',NULL,NULL,NULL,NULL,316,NULL,NULL),('18978600924BSL2086450565',NULL,NULL,NULL,NULL,317,NULL,NULL),('18985695469BSL2086450576',NULL,NULL,NULL,NULL,318,NULL,NULL),('18985819571BSL2086450587',NULL,NULL,NULL,NULL,319,NULL,NULL),('18988068899BSL2086450598',NULL,NULL,NULL,NULL,320,NULL,NULL),('18988074201BSL2086450609',NULL,NULL,NULL,NULL,321,NULL,NULL),('18988074759BSL2086450631',NULL,NULL,NULL,NULL,322,NULL,NULL),('19013599010BSL2083804368',NULL,NULL,NULL,NULL,323,NULL,NULL),('19023609515',NULL,NULL,NULL,NULL,324,NULL,NULL),('19023609444',NULL,NULL,NULL,NULL,325,NULL,NULL),('19023609300',NULL,NULL,NULL,NULL,326,NULL,NULL),('18978600137BSL2077240647',NULL,NULL,NULL,NULL,327,NULL,NULL),('19008282493BSL2086174509',NULL,NULL,NULL,NULL,328,NULL,NULL),('19008282549BSL2086174520',NULL,NULL,NULL,NULL,329,NULL,NULL),('19008282613BSL2086174531',NULL,NULL,NULL,NULL,330,NULL,NULL),('19008282620BSL2086174542',NULL,NULL,NULL,NULL,331,NULL,NULL),('19008282651BSL2086174553',NULL,NULL,NULL,NULL,332,NULL,NULL),('19008282695BSL2086174564',NULL,NULL,NULL,NULL,333,NULL,NULL),('19008282721BSL2086174575',NULL,NULL,NULL,NULL,334,NULL,NULL),('19008282747BSL2086174586',NULL,NULL,NULL,NULL,335,NULL,NULL),('19008282784BSL2086174597',NULL,NULL,NULL,NULL,336,NULL,NULL),('19008282816BSL2086174608',NULL,NULL,NULL,NULL,337,NULL,NULL),('19008282840BSL2086174619',NULL,NULL,NULL,NULL,338,NULL,NULL),('18978704296BSL2077262935',NULL,NULL,NULL,NULL,339,NULL,NULL),('19023627713',NULL,NULL,NULL,NULL,340,NULL,NULL),('19023627671',NULL,NULL,NULL,NULL,341,NULL,NULL),('19023627635',NULL,NULL,NULL,NULL,342,NULL,NULL),('19023627532',NULL,NULL,NULL,NULL,343,NULL,NULL),('19023627491',NULL,NULL,NULL,NULL,344,NULL,NULL),('19023627445',NULL,NULL,NULL,NULL,345,NULL,NULL),('18993682454BSL2080263502',NULL,NULL,NULL,NULL,346,NULL,NULL),('18988458463BSL2079114752',NULL,NULL,NULL,NULL,347,NULL,NULL),('18988458759BSL2079114653',NULL,NULL,NULL,NULL,348,NULL,NULL),('19008879425BSL2082795063',NULL,NULL,NULL,NULL,349,NULL,NULL),('19022520361BSL2086317015',NULL,NULL,NULL,NULL,350,NULL,NULL),('18990132484BSL2079479730',NULL,NULL,NULL,NULL,351,NULL,NULL),('18996545284BSL2086181604',NULL,NULL,NULL,NULL,352,NULL,NULL),('18996545318BSL2086181615',NULL,NULL,NULL,NULL,353,NULL,NULL),('18996545365BSL2086181626',NULL,NULL,NULL,NULL,354,NULL,NULL),('18996545433BSL2086181637',NULL,NULL,NULL,NULL,355,NULL,NULL),('18996545471BSL2086181648',NULL,NULL,NULL,NULL,356,NULL,NULL),('18996545540BSL2086181659',NULL,NULL,NULL,NULL,357,NULL,NULL),('18996545584BSL2086181670',NULL,NULL,NULL,NULL,358,NULL,NULL),('19023648454',NULL,NULL,NULL,NULL,359,NULL,NULL),('19023648415',NULL,NULL,NULL,NULL,360,NULL,NULL),('19023648361',NULL,NULL,NULL,NULL,361,NULL,NULL),('19023648326',NULL,NULL,NULL,NULL,362,NULL,NULL),('18982686856BSL2077987078',NULL,NULL,NULL,NULL,363,NULL,NULL),('18990132688BSL2079479653',NULL,NULL,NULL,NULL,364,NULL,NULL),('19023656784',NULL,NULL,NULL,NULL,365,NULL,NULL),('19023656688',NULL,NULL,NULL,NULL,366,NULL,NULL),('19023656650',NULL,NULL,NULL,NULL,367,NULL,NULL),('19023656618',NULL,NULL,NULL,NULL,368,NULL,NULL),('19023651703',NULL,NULL,NULL,NULL,369,NULL,NULL),('19001194585BSL2081274261',NULL,NULL,NULL,NULL,370,NULL,NULL),('18971923129BSL2075615918',NULL,NULL,NULL,NULL,371,NULL,NULL),('19022816656BSL2086380931',NULL,NULL,NULL,NULL,372,NULL,NULL),('18978599351BSL2086435011',NULL,NULL,NULL,NULL,373,NULL,NULL),('18978598959BSL2086435022',NULL,NULL,NULL,NULL,374,NULL,NULL),('18985820099BSL2086435748',NULL,NULL,NULL,NULL,375,NULL,NULL),('18985695624BSL2078638351',NULL,NULL,NULL,NULL,376,NULL,NULL),('19008878408BSL2082792494',NULL,NULL,NULL,NULL,377,NULL,NULL),('19023676990',NULL,NULL,NULL,NULL,378,NULL,NULL),('18973757597BSL2086435869',NULL,NULL,NULL,NULL,379,NULL,NULL),('19008993366BSL2082805205',NULL,NULL,NULL,NULL,380,NULL,NULL),('19008993308BSL2082805216',NULL,NULL,NULL,NULL,381,NULL,NULL),('18993682374BSL2080264496',NULL,NULL,NULL,NULL,382,NULL,NULL),('19008917100BSL2082799245',NULL,NULL,NULL,NULL,383,NULL,NULL),('19023673714',NULL,NULL,NULL,NULL,384,NULL,NULL),('19009031679BSL2082811741',NULL,NULL,NULL,NULL,385,NULL,NULL),('19008916992BSL2082797868',NULL,NULL,NULL,NULL,386,NULL,NULL),('18977370282BSL2086436298',NULL,NULL,NULL,NULL,387,NULL,NULL),('19008935916BSL2082801203',NULL,NULL,NULL,NULL,388,NULL,NULL),('18985898463BSL2086436727',NULL,NULL,NULL,NULL,389,NULL,NULL),('19001160300BSL2081266559',NULL,NULL,NULL,NULL,390,NULL,NULL),('18972158601BSL2075678046',NULL,NULL,NULL,NULL,391,NULL,NULL),('19015354315BSL2084320963',NULL,NULL,NULL,NULL,392,NULL,NULL);
/*!40000 ALTER TABLE `skin_sell_order` ENABLE KEYS */;
UNLOCK TABLES;

--
-- Table structure for table `skin_set`
--

DROP TABLE IF EXISTS `skin_set`;
/*!40101 SET @saved_cs_client     = @@character_set_client */;
/*!50503 SET character_set_client = utf8mb4 */;
CREATE TABLE `skin_set` (
  `id` int(11) NOT NULL AUTO_INCREMENT,
  `name` varchar(45) DEFAULT NULL,
  PRIMARY KEY (`id`)
) ENGINE=InnoDB AUTO_INCREMENT=52 DEFAULT CHARSET=utf8mb4 COLLATE=utf8mb4_0900_ai_ci;
/*!40101 SET character_set_client = @saved_cs_client */;

--
-- Dumping data for table `skin_set`
--

LOCK TABLES `skin_set` WRITE;
/*!40000 ALTER TABLE `skin_set` DISABLE KEYS */;
INSERT INTO `skin_set` VALUES (1,'NULL_SKIN_SET'),(2,'The Gods and Monsters Collection'),(3,'The Falchion Collection'),(4,'NULL_SKINSET'),(5,'The Breakout Collection'),(6,'The Cobblestone Collection'),(7,'The Shadow Collection'),(8,'The Huntsman Collection'),(9,'The Glove Collection'),(10,'The Prisma Collection'),(11,'The Danger Zone Collection'),(12,'The Horizon Collection'),(13,'The Dust Collection'),(14,'The Spectrum Collection'),(15,'The Chroma Collection'),(16,'The Phoenix Collection'),(17,'The Wildfire Collection'),(18,'The Revolver Case Collection'),(19,'The Gamma Collection'),(20,'The Prisma 2 Collection'),(21,'The Shattered Web Collection'),(22,'The Arms Deal Collection'),(23,'The Spectrum 2 Collection'),(24,'The Winter Offensive Collection'),(25,'The Gamma 2 Collection'),(26,'The eSports 2013 Collection'),(27,'The Arms Deal 2 Collection'),(28,'The CS20 Collection'),(29,'The Vertigo Collection'),(30,'The Chop Shop Collection'),(31,'The Clutch Collection'),(32,'The Bravo Collection'),(33,'The Rising Sun Collection'),(34,'The 2018 Inferno Collection'),(35,'The 2018 Nuke Collection'),(36,'The Mirage Collection'),(37,'The eSports 2013 Winter Collection'),(38,'The Chroma 3 Collection'),(39,'The eSports 2014 Summer Collection'),(40,'The Office Collection'),(41,'The Overpass Collection'),(42,'The Lake Collection'),(43,'The Italy Collection'),(44,'The Chroma 2 Collection'),(45,'The Norse Collection'),(46,'The Dust 2 Collection'),(47,'The Safehouse Collection'),(48,'The Vanguard Collection'),(49,'The Inferno Collection'),(50,'The Operation Hydra Collection'),(51,'The Canals Collection');
/*!40000 ALTER TABLE `skin_set` ENABLE KEYS */;
UNLOCK TABLES;

--
-- Table structure for table `skin_state`
--

DROP TABLE IF EXISTS `skin_state`;
/*!40101 SET @saved_cs_client     = @@character_set_client */;
/*!50503 SET character_set_client = utf8mb4 */;
CREATE TABLE `skin_state` (
  `id` int(11) NOT NULL AUTO_INCREMENT,
  `name` varchar(45) NOT NULL,
  PRIMARY KEY (`id`)
) ENGINE=InnoDB AUTO_INCREMENT=6 DEFAULT CHARSET=utf8mb4 COLLATE=utf8mb4_0900_ai_ci;
/*!40101 SET character_set_client = @saved_cs_client */;

--
-- Dumping data for table `skin_state`
--

LOCK TABLES `skin_state` WRITE;
/*!40000 ALTER TABLE `skin_state` DISABLE KEYS */;
INSERT INTO `skin_state` VALUES (0,'UNKNOWN'),(1,'Battle-Scarred'),(2,'Well-Worn'),(3,'Field-Tested'),(4,'Minimal-Wear'),(5,'Factory-New');
/*!40000 ALTER TABLE `skin_state` ENABLE KEYS */;
UNLOCK TABLES;

--
-- Table structure for table `weapon`
--

DROP TABLE IF EXISTS `weapon`;
/*!40101 SET @saved_cs_client     = @@character_set_client */;
/*!50503 SET character_set_client = utf8mb4 */;
CREATE TABLE `weapon` (
  `id` int(11) NOT NULL AUTO_INCREMENT,
  `name` varchar(60) DEFAULT NULL,
  `type` int(11) DEFAULT NULL,
  PRIMARY KEY (`id`),
  KEY `fk_weapon_type_idx` (`type`),
  CONSTRAINT `fk_weapon_type` FOREIGN KEY (`type`) REFERENCES `weapon_type` (`id`)
) ENGINE=InnoDB AUTO_INCREMENT=48 DEFAULT CHARSET=utf8mb4 COLLATE=utf8mb4_0900_ai_ci;
/*!40101 SET character_set_client = @saved_cs_client */;

--
-- Dumping data for table `weapon`
--

LOCK TABLES `weapon` WRITE;
/*!40000 ALTER TABLE `weapon` DISABLE KEYS */;
INSERT INTO `weapon` VALUES (1,'NULL_WEAPON',NULL),(2,'M4A1-S',4),(3,'Falchion Knife',1),(4,'Bayonet',1),(5,'Butterfly Knife',1),(6,'AWP',5),(7,'Karambit',1),(8,'Shadow Daggers',1),(9,'M9 Bayonet',1),(10,'Huntsman Knife',1),(11,'M4A4',4),(12,'AK-47',4),(13,'Stiletto Knife',1),(14,'Flip Knife',1),(15,'Desert Eagle',2),(16,'USP-S',2),(17,'P250',2),(18,'Bowie Knife',1),(19,'Ursus Knife',1),(20,'Talon Knife',1),(21,'Gut Knife',1),(22,'Glock-18',2),(23,'Navaja Knife',1),(24,'Nomad Knife',1),(25,'Skeleton Knife',1),(26,'SSG 08',5),(27,'Survival Knife',1),(28,'AUG',4),(29,'G3SG1',5),(30,'Nova',6),(31,'SG 553',4),(32,'MAG-7',6),(33,'MAC-10',3),(34,'UMP-45',3),(35,'Dual Berettas',2),(36,'Five-SeveN',2),(37,'MP9',3),(38,'R8 Revolver',2),(39,'MP7',3),(40,'CZ75-Auto',2),(41,'Sawed-Off',6),(42,'MP5-SD',3),(43,'Galil AR',4),(44,'P90',3),(45,'FAMAS',4),(46,'SCAR-20',5),(47,'Classic Knife',1);
/*!40000 ALTER TABLE `weapon` ENABLE KEYS */;
UNLOCK TABLES;

--
-- Table structure for table `weapon_type`
--

DROP TABLE IF EXISTS `weapon_type`;
/*!40101 SET @saved_cs_client     = @@character_set_client */;
/*!50503 SET character_set_client = utf8mb4 */;
CREATE TABLE `weapon_type` (
  `id` int(11) NOT NULL AUTO_INCREMENT,
  `name` varchar(45) DEFAULT NULL,
  PRIMARY KEY (`id`)
) ENGINE=InnoDB AUTO_INCREMENT=8 DEFAULT CHARSET=utf8mb4 COLLATE=utf8mb4_0900_ai_ci;
/*!40101 SET character_set_client = @saved_cs_client */;

--
-- Dumping data for table `weapon_type`
--

LOCK TABLES `weapon_type` WRITE;
/*!40000 ALTER TABLE `weapon_type` DISABLE KEYS */;
INSERT INTO `weapon_type` VALUES (0,'Unknown'),(1,'Knife'),(2,'Pistol'),(3,'SMG'),(4,'Rifle'),(5,'Sniper Rifle'),(6,'Shotgun'),(7,'Machinegun');
/*!40000 ALTER TABLE `weapon_type` ENABLE KEYS */;
UNLOCK TABLES;
/*!40103 SET TIME_ZONE=@OLD_TIME_ZONE */;

/*!40101 SET SQL_MODE=@OLD_SQL_MODE */;
/*!40014 SET FOREIGN_KEY_CHECKS=@OLD_FOREIGN_KEY_CHECKS */;
/*!40014 SET UNIQUE_CHECKS=@OLD_UNIQUE_CHECKS */;
/*!40101 SET CHARACTER_SET_CLIENT=@OLD_CHARACTER_SET_CLIENT */;
/*!40101 SET CHARACTER_SET_RESULTS=@OLD_CHARACTER_SET_RESULTS */;
/*!40101 SET COLLATION_CONNECTION=@OLD_COLLATION_CONNECTION */;
/*!40111 SET SQL_NOTES=@OLD_SQL_NOTES */;

-- Dump completed on 2020-07-06 16:50:58
